Date,Close,Open,High,Low,Volume
10/20/2025,516.79,514.61,518.7,513.43,1467
10/17/2025,513.58,509.04,515.48,507.31,1987
10/16/2025,511.61,512.58,516.85,508.13,1556
10/15/2025,513.43,514.96,517.19,510,1469
10/14/2025,513.57,510.23,515.28,506,1468
10/13/2025,514.05,516.41,516.41,511.68,1428
10/10/2025,510.96,519.64,523.58,509.63,2413
10/09/2025,522.4,522.34,524.33,517.4,1834
10/08/2025,524.85,523.28,526.95,523.09,1336
10/07/2025,523.98,528.28,529.8,521.44,1462
10/06/2025,528.57,518.61,531.03,518.2,2139
10/03/2025,517.35,517.1,520.49,515,1511
10/02/2025,515.74,517.64,521.6,510.68,2122
10/01/2025,519.71,514.8,520.51,511.69,2263
09/30/2025,517.95,513.24,518.16,509.66,1973
09/29/2025,514.6,511.5,516.84,508.88,1762
09/26/2025,511.46,510.06,513.94,506.62,1621
09/25/2025,507.03,508.3,510.01,505.04,1579
09/24/2025,510.15,510.38,512.48,506.92,1353
09/23/2025,509.23,513.8,514.59,507.31,198
09/22/2025,514.45,515.59,517.74,512.54,2001
09/19/2025,517.93,510.56,519.3,510.31,5247
09/18/2025,508.45,511.49,513.07,507.66,1891
09/17/2025,510.02,510.62,511.29,505.93,1582
09/16/2025,509.04,516.88,517.23,508.6,1971
09/15/2025,515.36,508.79,515.47,507,1714
09/12/2025,509.9,506.65,512.55,503.85,2362
09/11/2025,501.01,502.25,503.17,497.88,1888
09/10/2025,500.37,502.98,503.23,496.72,2161
09/09/2025,498.41,501.43,502.25,497.7,1441
09/08/2025,498.2,498.11,501.2,495.03,1677
09/05/2025,495,509.07,511.97,492.37,3199
09/04/2025,507.97,504.3,508.15,503.15,1551
09/03/2025,505.35,503.79,507.79,502.32,1635
09/02/2025,505.12,500.46,506,496.81,1813
08/29/2025,506.69,508.66,509.6,504.49,2096
08/28/2025,509.64,507.09,511.09,505.5,1802
08/27/2025,506.74,502,507.29,499.9,1728
08/26/2025,502.04,504.36,504.98,498.51,3084
08/25/2025,504.26,506.63,508.19,504.12,2164
08/22/2025,507.23,504.25,510.73,502.41,2432
08/21/2025,504.24,503.69,507.63,502.72,1844
08/20/2025,505.72,509.86,511,504.44,2772
08/19/2025,509.77,515,515.16,508.55,2148
08/18/2025,517.1,521.59,522.82,514.02,2376
08/15/2025,520.17,522.77,526.1,519.08,2521
08/14/2025,522.48,522.56,525.95,520.14,2027
08/13/2025,520.58,532.11,532.7,519.37,1962
08/12/2025,529.24,523.75,530.98,522.7,1869
08/11/2025,521.77,522.3,527.59,519.72,2019
08/08/2025,522.04,522.6,524.66,519.41,1553
08/07/2025,520.84,526.8,528.09,517.55,1608
08/06/2025,524.94,530.9,531.7,524.03,2136
08/05/2025,527.75,537.18,537.3,527.24,1917
08/04/2025,535.64,528.27,538.25,528.13,2535
08/01/2025,524.11,535,535.8,520.86,2898
07/31/2025,533.5,555.22,555.45,531.9,5162
07/30/2025,513.24,515.17,515.95,509.43,2638
07/29/2025,512.57,515.53,517.62,511.56,1647
07/28/2025,512.5,514.08,515,510.12,1431
07/25/2025,513.71,512.47,518.29,510.36,1913
07/24/2025,510.88,508.77,513.67,507.3,1611
07/23/2025,505.87,506.75,506.79,500.7,164
07/22/2025,505.27,510.97,511.2,505.27,1387
07/21/2025,510.06,506.7,512.09,505.55,1407
07/18/2025,510.05,514.48,514.64,507.43,2121
07/17/2025,511.7,505.68,513.37,505.62,175
07/16/2025,505.62,505.18,506.72,501.89,1515
07/15/2025,505.82,503.02,508.3,502.79,1493
07/14/2025,503.02,501.52,503.97,501.03,1206
07/11/2025,503.32,498.47,505.03,497.8,1646
07/10/2025,501.48,503.05,504.44,497.75,165
07/09/2025,503.51,500.3,506.78,499.74,1866
07/08/2025,496.62,497.24,498.2,494.11,1185
07/07/2025,497.72,497.38,498.75,495.23,1398
07/03/2025,498.84,493.81,500.13,493.44,1398
07/02/2025,491.09,489.99,493.5,488.7,1632
07/01/2025,492.05,496.47,498.05,490.98,1995
06/30/2025,497.41,497.04,500.76,495.33,2837
06/27/2025,495.94,497.55,499.3,493.03,3454
06/26/2025,497.45,492.98,498.04,492.81,2158
06/25/2025,492.27,492.04,494.56,489.39,175
06/24/2025,490.11,488.95,491.85,486.8,2231
06/23/2025,486,478.21,487.75,472.51,2486
06/20/2025,477.4,482.23,483.46,476.87,3758
06/18/2025,480.24,478,481,474.46,1753
06/17/2025,478.04,475.39,478.74,474.08,1541
06/16/2025,479.14,475.21,480.69,475,1563
06/13/2025,474.96,476.41,479.18,472.76,1681
06/12/2025,478.87,475.02,480.42,473.52,1895
06/11/2025,472.62,470.02,475.47,469.65,164
06/10/2025,470.92,471.18,472.8,466.96,1538
06/09/2025,472.75,469.7,473.43,468.62,1647
06/06/2025,470.38,470.08,473.33,468.78,1529
06/05/2025,467.68,464.95,469.65,464.03,2015
06/04/2025,463.87,464,465.69,463.02,1416
06/03/2025,462.97,461.47,464.14,460.86,1574
06/02/2025,461.97,457.14,462.11,456.89,1663
05/30/2025,460.36,459.71,461.68,455.54,3477
05/29/2025,458.68,461.55,461.72,455.31,1398
05/28/2025,457.36,461.22,462.52,456.93,1709
05/27/2025,460.69,456.48,460.95,456.11,2097
05/23/2025,450.18,449.98,453.69,448.91,1688
05/22/2025,454.86,454.95,460.25,453.9,1803
05/21/2025,452.57,454.57,457.78,451.81,1922
05/20/2025,458.17,455.59,458.34,454.32,1544
05/19/2025,458.87,450.88,459.58,450.8,2134
05/16/2025,454.27,452.05,454.36,448.73,2385
05/15/2025,453.13,450.77,456.19,450.43,2199
05/14/2025,452.94,448.14,453.9,448.14,199
05/13/2025,449.14,447.78,450.67,445.36,2362
05/12/2025,449.26,445.94,449.37,439.78,2282
05/09/2025,438.73,440,440.74,435.88,1532
05/08/2025,438.17,437.93,443.67,435.66,2349
05/07/2025,433.35,433.84,438.12,431.11,2331
05/06/2025,433.31,432.2,437.73,431.17,151
05/05/2025,436.17,432.87,439.5,432.11,2014
05/02/2025,435.28,431.74,439.44,429.98,3076
05/01/2025,425.4,431.11,436.99,424.9,5894
04/30/2025,395.26,390.3,396.66,384.44,3646
04/29/2025,394.04,391.3,395.1,390.38,1497
04/28/2025,391.16,391.95,392.74,386.64,1658
04/25/2025,391.85,387,392.16,384.6,1897
04/24/2025,387.3,375.7,388.45,375.19,2223
04/23/2025,374.39,376.06,380.39,373.02,2055
04/22/2025,366.82,363.38,367.77,359.86,1948
04/21/2025,359.12,362.82,364.48,355.67,2081
04/17/2025,367.78,373.74,374.32,366.89,2112
04/16/2025,371.61,380.67,381.61,368,2197
04/15/2025,385.73,388.51,391.89,384.16,172
04/14/2025,387.81,393.22,394.65,384.21,1925
04/11/2025,388.45,380.64,390.05,378.89,2384
04/10/2025,381.35,382.06,383.9,367.8,3802
04/09/2025,390.49,353.54,393.23,353.1,502
04/08/2025,354.56,368.26,373.65,350.25,3587
04/07/2025,357.86,350.88,371,344.79,5043
04/04/2025,359.84,364.13,374.59,359.48,4921
04/03/2025,373.11,374.79,377.48,369.35,302
04/02/2025,382.14,377.96,385.08,376.62,1609
04/01/2025,382.19,374.65,382.85,373.23,1969
03/31/2025,375.39,372.54,377.07,367.24,3518
03/28/2025,378.8,388.08,389.13,376.93,2163
03/27/2025,390.58,390.13,392.24,387.39,1377
03/26/2025,389.97,395,395.31,388.57,1613
03/25/2025,395.16,393.92,396.36,392.64,1577
03/24/2025,393.08,395.4,395.4,389.81,21
03/21/2025,391.26,383.21,391.74,382.8,3968
03/20/2025,386.84,385.73,391.79,383.28,1847
03/19/2025,387.82,385.52,389.68,384,1919
03/18/2025,383.52,387.07,387.37,381.1,1949
03/17/2025,388.7,386.7,392.7,385.57,2247
03/14/2025,388.56,379.77,390.23,379.51,1995
03/13/2025,378.77,383.15,385.32,377.45,2047
03/12/2025,383.27,382.95,385.22,378.95,2425
03/11/2025,380.45,379,386,376.91,3038
03/10/2025,380.16,385.84,386.4,377.22,3284
03/07/2025,393.31,392.32,394.8,385.54,2203
03/06/2025,396.89,394.28,402.15,392.68,233
03/05/2025,401.02,389.34,401.67,388.81,2343
03/04/2025,388.61,383.4,392.58,381,2934
03/03/2025,388.49,398.82,398.82,386.15,2301
02/28/2025,396.99,392.65,397.63,386.57,3285
02/27/2025,392.53,401.27,405.74,392.17,2113
02/26/2025,399.73,398.01,403.6,394.24,1962
02/25/2025,397.9,401.1,401.92,396.7,2939
02/24/2025,404,408.51,409.37,399.32,2644
02/21/2025,408.21,417.33,418.05,407.89,2752
02/20/2025,416.13,415.29,419.31,412.54,2351
02/19/2025,414.77,407.88,415.49,407.65,2411
02/18/2025,409.64,408,410.6,406.5,2142
02/14/2025,408.43,407.79,408.91,405.88,2276
02/13/2025,410.54,407,411,406.36,2389
02/12/2025,409.04,407.21,410.75,404.37,1912
02/11/2025,411.44,409.64,412.49,409.3,1814
02/10/2025,412.22,413.71,415.46,410.92,2082
02/07/2025,409.75,416.48,418.65,408.1,2289
02/06/2025,415.82,414,418.2,414,1631
02/05/2025,413.29,412.35,413.83,410.4,1634
02/04/2025,412.37,412.68,413.92,409.74,2053
02/03/2025,410.92,411.6,415.41,408.66,2568
01/31/2025,415.06,418.98,420.69,414.91,3422
01/30/2025,414.99,418.77,422.86,413.16,5459
01/29/2025,442.33,446.69,446.88,440.4,2358
01/28/2025,447.2,434.6,448.38,431.38,2349
01/27/2025,434.56,424.01,435.2,423.5,3565
01/24/2025,444.06,445.16,446.65,441.4,1555
01/23/2025,446.71,442,446.75,441.5,1839
01/22/2025,446.2,437.56,447.27,436,278
01/21/2025,428.5,430.2,430.9,425.6,2609
01/17/2025,429.03,434.08,434.48,428.17,262
01/16/2025,424.58,428.7,429.49,424.39,153
01/15/2025,426.31,419.13,428.15,418.27,1964
01/14/2025,415.67,417.81,419.74,410.72,1694
01/13/2025,417.19,415.23,418.5,412.29,176
01/10/2025,418.95,424.63,424.71,415.02,202
01/08/2025,424.56,423.46,426.97,421.54,1505
01/07/2025,422.37,429,430.65,420.8,1814
01/06/2025,427.85,428,434.32,425.48,2057
01/03/2025,423.35,421.08,424.03,419.54,1666
01/02/2025,418.58,425.53,426.07,414.85,169
12/31/2024,421.5,426.1,426.73,420.66,1325
12/30/2024,424.83,426.06,427.55,421.9,1316
12/27/2024,430.53,434.6,435.22,426.35,1812
12/26/2024,438.11,439.08,440.94,436.63,82
12/24/2024,439.33,434.65,439.6,434.19,716
12/23/2024,435.25,436.74,437.65,432.83,1915
12/20/2024,436.6,433.11,443.74,428.63,6426
12/19/2024,437.03,441.62,443.18,436.32,2296
12/18/2024,437.39,451.32,452.65,437.02,2444
12/17/2024,454.46,451.01,455.29,449.57,2273
12/16/2024,451.59,447.27,452.18,445.28,236
12/13/2024,447.27,448.43,451.43,445.58,2018
12/12/2024,449.56,449.11,456.16,449.11,2083
12/11/2024,448.99,444.05,450.35,444.05,192
12/10/2024,443.33,444.39,449.62,441.6,1847
12/09/2024,446.02,442.6,448.33,440.5,1914
12/06/2024,443.57,442.3,446.1,441.77,1882
12/05/2024,442.62,437.92,444.66,436.17,217
12/04/2024,437.42,433.03,439.67,432.63,2601
12/03/2024,431.2,429.84,432.47,427.74,183
12/02/2024,430.98,421.57,433,421.31,2021
11/29/2024,423.46,420.09,424.88,417.8,1627
11/27/2024,422.99,425.11,427.23,422.02,1833
11/26/2024,427.99,419.58,429.04,418.85,2346
11/25/2024,418.79,418.38,421.08,414.85,2769
11/22/2024,417,411.36,417.4,411.06,2481
11/21/2024,412.87,419.5,419.78,410.29,2078
11/20/2024,415.49,416.87,417.29,410.58,1919
11/19/2024,417.79,413.11,417.94,411.55,1813
11/18/2024,415.76,414.87,418.4,412.1,2474
11/15/2024,415,419.82,422.8,413.64,2825
11/14/2024,426.89,425,428.17,420,3025
11/13/2024,425.2,421.64,429.33,418.21,215
11/12/2024,423.03,418.25,424.44,417.2,194
11/11/2024,418.01,422.52,424.81,416,245
11/08/2024,422.54,425.32,426.5,421.78,1689
11/07/2024,425.43,421.28,426.85,419.88,199
11/06/2024,420.18,412.42,420.45,410.52,2668
11/05/2024,411.46,408.37,414.9,408.08,1763
11/04/2024,408.46,409.8,410.42,405.57,1967
11/01/2024,410.37,409.01,415.5,407.5,2423
10/31/2024,406.35,415.36,416.16,406.3,5397
10/30/2024,432.53,437.43,438.5,432.1,2975
10/29/2024,431.95,428,433.17,425.8,1764
10/28/2024,426.59,431.65,431.94,426.3,1488
10/25/2024,428.15,426.76,432.52,426.57,169
10/24/2024,424.73,425.33,425.98,422.4,1358
10/23/2024,424.6,430.86,431.08,422.53,1965
10/22/2024,427.51,418.49,430.58,418.04,2548
10/21/2024,418.78,416.12,418.96,413.75,1421
10/18/2024,418.16,417.14,419.65,416.26,1715
10/17/2024,416.72,422.36,422.5,415.59,1482
10/16/2024,416.12,415.17,416.36,410.48,1551
10/15/2024,418.74,422.18,422.48,415.26,189
10/14/2024,419.14,417.77,424.04,417.52,1665
10/11/2024,416.32,416.14,417.13,413.25,1414
10/10/2024,415.84,415.23,417.35,413.15,1385
10/09/2024,417.46,415.86,420.38,414.3,1497
10/08/2024,414.71,410.9,415.66,408.17,1923
10/07/2024,409.54,416,417.11,409,2092
10/04/2024,416.06,418.24,419.75,414.97,1919
10/03/2024,416.54,417.63,419.55,414.29,1369
10/02/2024,417.13,422.58,422.82,416.71,1658
10/01/2024,420.69,428.45,428.48,418.81,1909
09/30/2024,430.3,428.21,430.42,425.37,1685
09/27/2024,428.02,431.52,431.85,427.47,149
09/26/2024,431.31,435.08,435.3,429.13,1449
09/25/2024,432.11,429.83,433.12,428.57,134
09/24/2024,429.17,433,433.35,426.1,1702
09/23/2024,433.51,434.28,436.46,430.39,1513
09/20/2024,435.27,437.22,439.24,434.22,5517
09/19/2024,438.69,441.23,441.5,436.9,2171
09/18/2024,430.81,435,436.03,430.41,189
09/17/2024,435.15,440.23,441.85,432.27,1887
09/16/2024,431.34,430.6,433.53,428.22,1383
09/13/2024,430.59,425.83,431.83,425.46,1587
09/12/2024,427,423.31,427.37,419.75,1742
09/11/2024,423.04,415.5,423.99,409.58,1927
09/10/2024,414.2,408.2,416.33,407.7,1959
09/09/2024,405.72,407.24,408.65,402.15,153
09/06/2024,401.7,409.06,410.65,400.8,1961
09/05/2024,408.39,407.62,413.1,406.13,142
09/04/2024,408.9,405.91,411.24,404.37,1514
09/03/2024,409.44,417.91,419.88,407.03,2031
08/30/2024,417.14,415.6,417.49,412.13,2431
08/29/2024,413.12,414.94,422.05,410.6,1705
08/28/2024,410.6,414.88,415,407.31,1488
08/27/2024,413.84,412.86,414.36,410.25,1349
08/26/2024,413.49,416.36,417.28,411.34,1315
08/23/2024,416.79,416.98,419.26,412.09,1849
08/22/2024,415.55,424.36,426.79,414.61,1936
08/21/2024,424.14,424.08,426.4,421.72,1607
08/20/2024,424.8,421.7,425.86,421.64,1639
08/19/2024,421.53,418.96,421.75,416.46,1523
08/16/2024,418.47,420.6,421.34,417.3,2278
08/15/2024,421.03,419.8,421.11,417.66,2075
08/14/2024,416.86,414.8,417.72,412.45,1827
08/13/2024,414.01,409.59,414.95,409.57,1941
08/12/2024,406.81,407.06,408.76,404.24,1676
08/09/2024,406.02,404.03,408.05,402.26,1928
08/08/2024,402.69,402.44,405.86,399.94,202
08/07/2024,398.43,408.64,410.08,397.47,2065
08/06/2024,399.61,400,405.67,398.5,2495
08/05/2024,395.15,389.17,401.04,385.58,4071
08/02/2024,408.49,412.49,415,404.34,2944
08/01/2024,417.11,420.79,427.46,413.09,303
07/31/2024,418.35,420.49,421.77,412.21,4289
07/30/2024,422.92,427.72,429.05,417.36,3269
07/29/2024,426.73,431.58,432.15,424.7,1513
07/26/2024,425.27,418.2,428.92,417.27,2358
07/25/2024,418.4,428.8,429.8,417.51,2994
07/24/2024,428.9,440.45,441.48,427.58,2681
07/23/2024,444.85,443.89,448.39,443.1,1311
07/22/2024,442.94,441.79,444.6,438.91,1581
07/19/2024,437.11,433.1,441.14,432,2094
07/18/2024,440.37,444.34,444.65,434.4,2079
07/17/2024,443.52,442.59,444.85,439.18,2175
07/16/2024,449.52,454.22,454.3,446.66,1718
07/15/2024,453.96,453.3,457.26,451.43,1443
07/12/2024,453.55,454.33,456.36,450.64,1632
07/11/2024,454.7,462.98,464.78,451.55,2311
07/10/2024,466.25,461.22,466.46,458.86,182
07/09/2024,459.54,467,467.33,458,1723
07/08/2024,466.24,466.55,467.7,464.46,1296
07/05/2024,467.56,459.61,468.35,458.96,16
07/03/2024,460.77,458.19,461.02,457.88,993
07/02/2024,459.28,453.2,459.59,453.11,1398
07/01/2024,456.73,448.66,457.37,445.66,1766
06/28/2024,446.95,453.07,455.38,446.41,2836
06/27/2024,452.85,452.17,456.17,451.77,1481
06/26/2024,452.16,449,453.6,448.19,1651
06/25/2024,450.95,448.25,451.42,446.75,1675
06/24/2024,447.67,449.8,452.75,446.41,1591
06/21/2024,449.78,447.38,450.58,446.51,3449
06/20/2024,445.7,446.3,446.53,441.27,1988
06/18/2024,446.34,449.7,450.14,444.89,1711
06/17/2024,448.37,442.58,450.94,440.72,2079
06/14/2024,442.57,438.27,443.14,436.72,1358
06/13/2024,441.58,440.85,443.39,439.37,1596
06/12/2024,441.06,435.32,443.4,433.25,2237
06/11/2024,432.68,425.48,432.82,425.25,1455
06/10/2024,427.87,424.7,428.08,423.89,14
06/07/2024,423.85,426.2,426.28,423,1362
06/06/2024,424.52,424.01,425.31,420.58,1486
06/05/2024,424.01,417.81,424.08,416.3,1699
06/04/2024,416.07,412.43,416.44,409.67,1435
06/03/2024,413.52,415.52,416.43,408.92,1748
05/31/2024,415.13,416.75,416.75,404.51,48
05/30/2024,414.67,424.3,424.3,414.24,2842
05/29/2024,429.17,425.69,430.94,425.69,1552
05/28/2024,430.32,429.63,430.82,426.6,1572
05/24/2024,430.16,427.19,431.05,424.41,1186
05/23/2024,427,432.97,433.6,425.42,1721
05/22/2024,430.52,430.09,432.41,427.13,1807
05/21/2024,429.04,426.83,432.97,424.85,2145
05/20/2024,425.34,420.21,426.77,419.99,1627
05/17/2024,420.21,422.54,422.92,418.02,1535
05/16/2024,420.99,421.8,425.42,420.35,1753
05/15/2024,423.08,417.9,423.81,417.27,2224
05/14/2024,416.56,412.02,417.49,411.55,1511
05/13/2024,413.72,418.01,418.35,410.82,1544
05/10/2024,414.74,412.93,415.38,411.8,134
05/09/2024,412.32,410.57,412.72,409.1,1469
05/08/2024,410.54,408.17,412.23,406.71,1179
05/07/2024,409.34,414.66,414.67,409.09,2002
05/06/2024,413.54,408.76,413.93,406.37,17
05/03/2024,406.66,402.28,407.15,401.86,1745
05/02/2024,397.84,397.66,399.93,394.65,1771
05/01/2024,394.94,392.61,401.72,390.31,2356
04/30/2024,389.33,401.49,402.16,389.17,2878
04/29/2024,402.25,405.25,406.32,399.19,1958
04/26/2024,406.32,412.17,413,405.76,2969
04/25/2024,399.04,394.03,399.89,388.03,4059
04/24/2024,409.06,409.56,412.47,406.78,1507
04/23/2024,407.57,404.23,408.2,403.06,1573
04/22/2024,400.96,400.08,402.85,395.75,2029
04/19/2024,399.12,404.03,405.48,397.77,3057
04/18/2024,404.27,410.63,411.89,403.95,2103
04/17/2024,411.84,417.25,418.88,410.33,1586
04/16/2024,414.58,414.57,418.4,413.73,1677
04/15/2024,413.64,426.6,426.82,413.43,2027
04/12/2024,421.9,424.05,425.18,419.77,1925
04/11/2024,427.93,425.82,429.37,422.36,1797
04/10/2024,423.26,422.19,424.03,419.7,1622
04/09/2024,426.28,426.44,427.74,421.62,1251
04/08/2024,424.59,425.17,427.28,423.3,1427
04/05/2024,425.52,420.01,426.51,418.32,1655
04/04/2024,417.88,424.99,428.67,417.57,1937
04/03/2024,420.45,419.73,423.26,419.08,165
04/02/2024,421.44,420.11,422.38,417.84,1791
04/01/2024,424.57,423.95,427.89,422.22,1632
03/28/2024,420.72,420.96,421.87,419.12,2187
03/27/2024,421.43,424.44,424.45,419.01,167
03/26/2024,421.65,425.61,425.99,421.35,1673
03/25/2024,422.86,425.24,427.41,421.61,1806
03/22/2024,428.74,429.7,429.86,426.07,1765
03/21/2024,429.37,429.83,430.82,427.16,213
03/20/2024,425.23,422,425.96,420.66,1786
03/19/2024,421.41,417.83,421.67,415.55,1984
03/18/2024,417.32,414.25,420.73,413.78,2011
03/15/2024,416.42,419.29,422.6,412.79,4508
03/14/2024,425.22,420.24,427.82,417.99,3416
03/13/2024,415.1,418.1,418.18,411.45,1712
03/12/2024,415.28,407.62,415.57,406.79,2246
03/11/2024,404.52,403.76,405.68,401.26,1612
03/08/2024,406.22,407.96,410.42,404.33,18
03/07/2024,409.14,406.12,409.78,402.24,1872
03/06/2024,402.09,402.97,405.16,398.39,2234
03/05/2024,402.65,413.96,414.25,400.64,2692
03/04/2024,414.92,413.44,417.35,412.32,176
03/01/2024,415.5,411.27,415.87,410.88,1782
02/29/2024,413.64,408.64,414.2,405.92,3195
02/28/2024,407.72,408.17,409.3,405.32,1318
02/27/2024,407.48,407.99,408.32,403.85,1484
02/26/2024,407.54,411.45,412.16,407.36,1619
02/23/2024,410.34,415.67,415.86,408.97,163
02/22/2024,411.65,410.19,412.83,408.57,2701
02/21/2024,402.18,400.17,402.29,397.22,1863
02/20/2024,402.79,403.24,404.49,398.01,2431
02/16/2024,404.06,407.96,408.29,403.44,223
02/15/2024,406.56,408.14,409.13,404.29,2183
02/14/2024,409.49,408.07,409.84,404.57,204
02/13/2024,406.32,404.94,410.07,403.39,2782
02/12/2024,415.26,420.55,420.74,414.75,212
02/09/2024,420.55,415.25,420.82,415.09,2203
02/08/2024,414.11,414.05,415.56,412.53,2123
02/07/2024,414.05,407.44,414.3,407.4,2234
02/06/2024,405.49,405.88,407.97,402.91,1838
02/05/2024,405.65,409.9,411.16,403.99,2535
02/02/2024,411.22,403.81,412.65,403.56,2826
02/01/2024,403.78,401.83,408,401.8,3066
01/31/2024,397.58,406.96,415.32,397.21,4787
01/30/2024,408.59,412.26,413.05,406.45,3348
01/29/2024,409.72,406.06,409.98,404.33,2451
01/26/2024,403.93,404.37,406.17,402.43,178
01/25/2024,404.87,404.32,407.01,402.53,2102
01/24/2024,402.56,401.54,405.63,400.45,2487
01/23/2024,398.9,395.75,399.38,393.93,2053
01/22/2024,396.51,400.02,400.62,393.59,2702
01/19/2024,398.67,395.76,398.67,393.5,2933
01/18/2024,393.87,391.72,393.99,390.12,2339
01/17/2024,389.47,387.98,390.11,384.81,2223
01/16/2024,390.27,393.66,394.03,387.62,272
01/12/2024,388.47,385.49,388.68,384.65,2166
01/11/2024,384.63,386,390.68,380.38,2785
01/10/2024,382.77,376.37,384.17,376.32,2551
01/09/2024,375.79,372.01,375.99,371.19,2083
01/08/2024,374.69,369.3,375.2,369.01,2313
01/05/2024,367.75,368.97,372.06,366.5,21
01/04/2024,367.94,370.67,373.1,367.17,209
01/03/2024,370.6,369.01,373.26,368.51,2308
01/02/2024,370.87,373.86,375.9,366.77,2526
12/29/2023,376.04,376,377.16,373.48,1873
12/28/2023,375.28,375.37,376.46,374.16,1433
12/27/2023,374.07,373.69,375.06,372.81,1491
12/26/2023,374.66,375,376.94,373.5,1267
12/22/2023,374.58,373.68,375.18,372.71,1711
12/21/2023,373.54,372.56,374.41,370.04,1771
12/20/2023,370.62,375,376.03,370.53,2632
12/19/2023,373.26,371.49,373.26,369.84,206
12/18/2023,372.65,369.45,373,368.68,218
12/15/2023,370.73,366.85,372.4,366.28,785
12/14/2023,365.93,373.31,373.76,364.13,4328
12/13/2023,374.37,376.02,377.64,370.77,3096
12/12/2023,374.38,370.85,374.42,370.46,2484
12/11/2023,371.3,368.48,371.6,366.1,2771
12/08/2023,374.23,369.2,374.46,368.23,2015
12/07/2023,370.95,368.23,371.45,366.32,2312
12/06/2023,368.8,373.54,374.18,368.03,2118
12/05/2023,372.52,366.45,373.08,365.62,2307
12/04/2023,369.14,369.1,369.52,362.9,3206
12/01/2023,374.51,376.76,378.16,371.31,3304
11/30/2023,378.91,378.49,380.09,375.47,3055
11/29/2023,378.85,383.76,384.3,377.44,2896
11/28/2023,382.7,378.35,383,378.16,2045
11/27/2023,378.61,376.78,380.64,376.2,2218
11/24/2023,377.43,377.33,377.97,375.14,1018
11/22/2023,377.85,378,379.79,374.96,2336
11/21/2023,373.07,375.67,376.22,371.12,2842
11/20/2023,377.44,371.22,378.87,371,5253
11/17/2023,369.85,373.61,374.37,367,4033
11/16/2023,376.17,370.96,376.35,370.18,2718
11/15/2023,369.67,371.28,373.13,367.11,2686
11/14/2023,370.27,371.01,371.95,367.35,2768
11/13/2023,366.68,368.22,368.47,365.9,1999
11/10/2023,369.67,361.49,370.1,361.07,2807
11/09/2023,360.69,362.3,364.79,360.36,2485
11/08/2023,363.2,361.68,363.87,360.55,2677
11/07/2023,360.53,359.4,362.46,357.63,2583
11/06/2023,356.53,353.45,357.54,353.35,2383
11/03/2023,352.8,349.63,354.39,347.33,2364
11/02/2023,348.32,347.24,348.83,344.77,2435
11/01/2023,346.07,339.79,347.42,339.65,2816
10/31/2023,338.11,338.85,339,334.69,2027
10/30/2023,337.31,333.41,339.45,331.83,2283
10/27/2023,329.81,330.42,336.72,328.4,2986
10/26/2023,327.89,340.54,341.63,326.94,3783
10/25/2023,340.67,345.02,346.2,337.62,5505
10/24/2023,330.53,331.3,331.84,327.6,3115
10/23/2023,329.32,325.47,332.73,324.39,2437
10/20/2023,326.67,331.72,331.92,325.45,2503
10/19/2023,331.32,332.15,336.88,330.91,2505
10/18/2023,330.11,332.49,335.59,328.3,2315
10/17/2023,332.06,329.59,333.46,327.41,1834
10/16/2023,332.64,331.05,336.14,330.6,2216
10/13/2023,327.73,332.38,333.83,326.36,2109
10/12/2023,331.16,330.57,333.63,328.72,1931
10/11/2023,332.42,331.21,332.82,329.14,2006
10/10/2023,328.39,330.96,331.1,327.67,2056
10/09/2023,329.82,324.75,330.3,323.18,1989
10/06/2023,327.26,316.55,329.19,316.3,2567
10/05/2023,319.36,319.09,319.98,314.9,1697
10/04/2023,318.95,314.03,320.04,314,2072
10/03/2023,313.39,320.83,321.39,311.21,2103
10/02/2023,321.8,316.28,321.89,315.18,2057
09/29/2023,315.75,317.75,319.47,314.98,2415
09/28/2023,313.64,310.99,315.48,309.45,1968
09/27/2023,312.79,312.3,314.3,309.69,1941
09/26/2023,312.14,315.13,315.88,310.02,263
09/25/2023,317.54,316.59,317.67,315,1784
09/22/2023,317.01,321.32,321.45,316.15,2145
09/21/2023,319.53,319.26,325.35,315,3556
09/20/2023,320.77,329.51,329.59,320.51,2144
09/19/2023,328.65,326.17,329.39,324.51,1651
09/18/2023,329.06,327.8,330.4,326.36,1683
09/15/2023,330.22,336.92,337.4,329.65,3768
09/14/2023,338.7,339.15,340.86,336.57,2027
09/13/2023,336.06,331.31,336.85,331.17,1654
09/12/2023,331.77,335.82,336.79,331.48,1757
09/11/2023,337.94,337.24,338.42,335.43,1658
09/08/2023,334.27,330.09,336.16,329.46,1955
09/07/2023,329.91,331.29,333.08,329.03,1838
09/06/2023,332.88,333.38,334.46,330.18,1754
09/05/2023,333.55,329,334.85,328.66,1855
09/01/2023,328.66,331.31,331.99,326.78,1494
08/31/2023,327.76,329.2,330.91,326.78,2641
08/30/2023,328.79,328.67,329.81,326.45,1522
08/29/2023,328.41,321.88,328.98,321.88,1928
08/28/2023,323.7,325.66,326.15,321.72,1481
08/25/2023,322.98,321.47,325.36,318.8,2168
08/24/2023,319.97,332.85,332.98,319.96,2328
08/23/2023,327,323.82,329.2,323.46,2117
08/22/2023,322.46,325.5,326.08,321.46,161
08/21/2023,321.88,317.93,322.77,317.04,2404
08/18/2023,316.48,314.49,318.38,311.55,2476
08/17/2023,316.88,320.54,321.87,316.21,2126
08/16/2023,320.4,320.8,324.42,319.8,207
08/15/2023,321.86,323,325.09,320.9,1697
08/14/2023,324.04,321.39,324.06,320.08,1884
08/11/2023,321.01,320.26,322.41,319.21,2436
08/10/2023,322.93,326.02,328.26,321.18,2011
08/09/2023,322.23,326.47,327.11,321.05,2237
08/08/2023,326.05,326.96,328.75,323,2233
08/07/2023,330.11,328.37,331.11,327.52,1774
08/04/2023,327.78,331.88,335.14,327.24,2374
08/03/2023,326.66,326,329.88,325.95,1836
08/02/2023,327.5,333.63,333.63,326.36,2776
08/01/2023,336.34,335.19,338.54,333.7,1838
07/31/2023,335.92,336.92,337.7,333.36,2545
07/28/2023,338.37,333.67,340.01,333.17,2848
07/27/2023,330.72,340.48,341.33,329.05,3964
07/26/2023,337.77,341.44,344.67,333.11,5838
07/25/2023,350.98,347.11,351.89,345.07,4164
07/24/2023,345.11,345.85,346.92,342.31,2672
07/21/2023,343.77,349.15,350.3,339.83,6941
07/20/2023,346.87,353.57,357.97,345.37,3378
07/19/2023,355.08,361.75,362.46,352.43,3973
07/18/2023,359.49,345.83,366.78,342.17,6487
07/17/2023,345.73,345.68,346.99,342.2,2036
07/14/2023,345.24,347.59,351.43,344.31,2835
07/13/2023,342.66,339.56,343.74,339.02,2057
07/12/2023,337.2,336.6,341.65,335.67,30
07/11/2023,332.47,331.06,332.86,327,267
07/10/2023,331.83,334.6,335.23,327.59,3279
07/07/2023,337.22,339.32,341.79,337,2121
07/06/2023,341.27,337.3,342.99,335.5,282
07/05/2023,338.15,335.09,341.65,334.73,1817
07/03/2023,337.99,339.19,340.9,336.57,1251
06/30/2023,340.54,337.75,342.73,337.2,2683
06/29/2023,335.05,334.71,336.11,332.62,17
06/28/2023,335.85,334.66,337.98,333.81,2026
06/27/2023,334.57,331.86,336.15,329.3,2435
06/26/2023,328.6,333.72,336.11,328.49,2152
06/23/2023,335.02,334.36,337.96,333.45,2315
06/22/2023,339.71,334.12,340.12,333.34,2356
06/21/2023,333.56,336.37,337.73,332.07,2512
06/20/2023,338.05,339.31,342.08,335.86,2638
06/16/2023,342.33,351.32,351.47,341.95,4655
06/15/2023,348.1,337.48,349.84,337.2,389
06/14/2023,337.34,334.34,339.04,332.81,26
06/13/2023,334.29,334.46,336.98,330.39,2295
06/12/2023,331.85,328.58,332.1,325.16,2431
06/09/2023,326.79,324.99,329.99,324.41,2253
06/08/2023,325.26,323.93,326.64,323.35,2328
06/07/2023,323.38,331.65,334.49,322.5,4072
06/06/2023,333.68,335.33,335.37,332.17,204
06/05/2023,335.94,335.22,338.56,334.66,2131
06/02/2023,335.4,334.25,337.5,332.55,2587
06/01/2023,332.58,325.93,333.53,324.72,2677
05/31/2023,328.39,332.29,335.94,327.33,4595
05/30/2023,331.21,335.23,335.74,330.52,295
05/26/2023,332.89,324.02,333.4,323.88,3663
05/25/2023,325.92,323.24,326.9,320,433
05/24/2023,313.85,314.73,316.5,312.61,2338
05/23/2023,315.26,320.03,322.72,315.25,308
05/22/2023,321.18,318.6,322.59,318.01,2412
05/19/2023,318.34,316.74,318.75,316.37,2755
05/18/2023,318.52,314.53,319.04,313.72,2728
05/17/2023,314,312.29,314.43,310.74,2432
05/16/2023,311.74,309.83,313.71,309.83,2673
05/15/2023,309.46,309.1,309.9,307.59,1634
05/12/2023,308.97,310.55,310.65,306.6,1977
05/11/2023,310.11,310.1,311.12,306.26,3168
05/10/2023,312.31,308.62,313,307.67,3008
05/09/2023,307,308,310.04,306.31,2134
05/08/2023,308.65,310.13,310.2,306.09,2132
05/05/2023,310.65,305.72,311.97,304.27,282
05/04/2023,305.41,306.24,307.76,303.4,2252
05/03/2023,304.4,306.62,308.61,304.09,2236
05/02/2023,305.41,307.76,309.18,303.91,264
05/01/2023,305.56,306.97,308.6,305.15,2129
04/28/2023,307.26,304.01,308.93,303.31,3647
04/27/2023,304.83,295.97,305.2,295.25,4646
04/26/2023,295.37,296.7,299.57,292.73,646
04/25/2023,275.42,279.51,281.6,275.37,4577
04/24/2023,281.77,282.09,284.95,278.72,2661
04/21/2023,285.76,285.01,286.27,283.06,2168
04/20/2023,286.11,285.25,289.03,285.08,2324
04/19/2023,288.45,285.99,289.05,284.54,1715
04/18/2023,288.37,291.57,291.76,287.01,2016
04/17/2023,288.8,289.93,291.6,286.16,2384
04/14/2023,286.14,287,288.48,283.69,2099
04/13/2023,289.84,283.59,289.9,283.17,2422
04/12/2023,283.49,284.79,287.01,281.96,274
04/11/2023,282.83,285.75,285.98,281.64,2728
04/10/2023,289.39,289.21,289.6,284.71,231
04/06/2023,291.6,283.21,292.08,282.03,2977
04/05/2023,284.34,285.85,287.15,282.92,2206
04/04/2023,287.18,287.23,290.45,285.67,2582
04/03/2023,287.23,286.52,288.27,283.95,2488
03/31/2023,288.3,283.73,289.27,283,3277
03/30/2023,284.05,284.23,284.46,281.48,2505
03/29/2023,280.51,278.96,281.14,278.41,2509
03/28/2023,275.23,275.79,276.14,272.05,2188
03/27/2023,276.38,280.5,281.46,275.52,2684
03/24/2023,280.57,277.24,280.63,275.28,282
03/23/2023,277.66,277.94,281.06,275.2,3661
03/22/2023,272.29,273.4,281.04,272.18,3487
03/21/2023,273.78,274.88,275,269.52,3456
03/20/2023,272.23,276.98,277.48,269.85,4347
03/17/2023,279.43,278.26,283.33,276.32,6953
03/16/2023,276.2,265.2,276.56,263.28,5483
03/15/2023,265.44,259.98,266.48,259.21,4603
03/14/2023,260.79,256.75,261.07,255.86,3362
03/13/2023,253.92,247.4,257.91,245.73,3334
03/10/2023,248.59,251.08,252.79,247.6,2833
03/09/2023,252.32,255.82,259.56,251.58,2665
03/08/2023,253.7,254.04,254.54,250.81,1734
03/07/2023,254.15,256.3,257.69,253.39,2147
03/06/2023,256.87,256.42,260.12,255.98,2411
03/03/2023,255.29,252.19,255.62,251.39,3076
03/02/2023,251.11,246.55,251.4,245.61,2483
03/01/2023,246.27,250.76,250.93,245.79,2757
02/28/2023,249.42,249.07,251.49,248.73,2249
02/27/2023,250.16,252.46,252.82,249.39,2119
02/24/2023,249.22,249.96,251,248.1,2499
02/23/2023,254.77,255.56,256.84,250.48,2922
02/22/2023,251.51,254.09,254.34,250.34,2249
02/21/2023,252.67,254.48,255.49,251.59,284
02/17/2023,258.06,259.39,260.09,256,30
02/16/2023,262.15,264.02,266.74,261.9,296
02/15/2023,269.32,268.32,270.73,266.18,2896
02/14/2023,272.17,272.67,274.97,269.28,3705
02/13/2023,271.32,267.64,274.6,267.15,4463
02/10/2023,263.1,261.53,264.09,260.66,2582
02/09/2023,263.62,273.8,273.98,262.8,4238
02/08/2023,266.73,273.2,276.76,266.21,5469
02/07/2023,267.56,260.53,268.77,260.08,5084
02/06/2023,256.77,257.44,258.3,254.78,2252
02/03/2023,258.35,259.54,264.2,257.1,2908
02/02/2023,264.6,258.82,264.69,257.25,3994
02/01/2023,252.75,248,255.18,245.47,3126
01/31/2023,247.81,243.45,247.95,242.95,2654
01/30/2023,242.71,244.51,245.6,242.2,2587
01/27/2023,248.16,248.99,249.83,246.83,265
01/26/2023,248,243.65,248.31,242,3345
01/25/2023,240.61,234.48,243.3,230.9,6653
01/24/2023,242.04,242.5,243.95,240.44,4023
01/23/2023,242.58,241.1,245.16,239.65,3193
01/20/2023,240.22,234.85,240.74,234.51,3539
01/19/2023,231.93,233.78,235.52,230.68,2862
01/18/2023,235.81,241.57,242.38,235.52,3003
01/17/2023,240.35,237.97,240.91,237.09,2983
01/13/2023,239.23,237,239.37,234.92,2133
01/12/2023,238.51,235.26,239.9,233.56,2727
01/11/2023,235.77,231.29,235.95,231.11,2867
01/10/2023,228.85,227.76,231.31,227.33,2703
01/09/2023,227.12,226.45,231.24,226.41,2737
01/06/2023,224.93,223,225.76,219.35,4361
01/05/2023,222.31,227.2,227.55,221.76,3959
01/04/2023,229.1,232.27,232.87,225.96,5062
01/03/2023,239.58,243.08,245.75,237.4,2574
12/30/2022,239.82,238.21,239.96,236.66,2194
12/29/2022,241.01,235.65,241.92,235.65,1977
12/28/2022,234.53,236.89,239.72,234.17,1746
12/27/2022,236.96,238.7,238.93,235.83,1669
12/23/2022,238.73,236.11,238.87,233.94,2121
12/22/2022,238.19,241.26,241.99,233.87,2865
12/21/2022,244.43,241.69,245.62,240.11,2369
12/20/2022,241.8,239.4,242.91,238.42,2515
12/19/2022,240.45,244.86,245.21,238.71,297
12/16/2022,244.69,248.55,249.84,243.51,861
12/15/2022,249.01,253.72,254.2,247.34,3557
12/14/2022,257.22,257.13,262.59,254.31,3541
12/13/2022,256.92,261.69,263.92,253.07,422
12/12/2022,252.51,247.45,252.54,247.17,3067
12/09/2022,245.42,244.7,248.31,244.16,2061
12/08/2022,247.4,244.84,248.74,243.06,2261
12/07/2022,244.37,244.83,246.16,242.21,2048
12/06/2022,245.12,250.82,251.86,243.78,2246
12/05/2022,250.2,252.01,253.82,248.06,2344
12/02/2022,255.02,249.82,256.06,249.69,2153
12/01/2022,254.69,253.87,256.12,250.92,2604
11/30/2022,255.14,240.57,255.33,239.86,4759
11/29/2022,240.33,241.4,242.79,238.21,1796
11/28/2022,241.76,246.08,246.65,240.8,2481
11/25/2022,247.49,247.31,248.7,246.73,92
11/23/2022,247.58,245.1,248.28,244.27,1951
11/22/2022,245.03,243.59,245.31,240.71,1967
11/21/2022,242.05,241.43,244.67,241.19,2639
11/18/2022,241.22,243.51,243.74,239.03,2761
11/17/2022,241.68,237.78,243.25,237.63,2312
11/16/2022,241.73,242.79,243.8,240.42,2409
11/15/2022,241.97,245.66,247,240.03,3139
11/14/2022,241.55,241.99,243.91,239.21,3112
11/11/2022,247.11,242.99,247.99,241.93,3462
11/10/2022,242.98,235.43,243.33,235,4627
11/09/2022,224.51,227.37,228.63,224.33,2785
11/08/2022,228.87,228.7,231.65,225.84,2819
11/07/2022,227.87,221.99,228.41,221.28,335
11/04/2022,221.39,217.55,221.59,213.43,3679
11/03/2022,214.25,220.09,220.41,213.98,3663
11/02/2022,220.1,229.46,231.3,220.04,3841
11/01/2022,228.17,234.6,235.74,227.32,3059
10/31/2022,232.13,233.76,234.92,231.15,2836
10/28/2022,235.87,226.24,236.6,226.05,4065
10/27/2022,226.75,231.04,233.69,225.78,4042
10/26/2022,231.32,231.17,238.3,230.06,8268
10/25/2022,250.66,247.26,251.04,245.83,3478
10/24/2022,247.25,243.76,247.84,241.29,2491
10/21/2022,242.12,234.74,243,234.5,263
10/20/2022,236.15,235.77,241.31,234.87,2181
10/19/2022,236.48,237.04,239.61,234.29,1999
10/18/2022,238.5,243.24,243.93,235.37,2633
10/17/2022,237.53,235.82,238.96,235.13,2814
10/14/2022,228.56,235.54,237.24,228.34,302
10/13/2022,234.24,219.85,236.1,219.13,4255
10/12/2022,225.75,225.4,227.86,223.96,219
10/11/2022,225.41,227.62,229.06,224.11,3047
10/10/2022,229.25,233.05,234.56,226.73,2974
10/07/2022,234.24,240.9,241.32,233.17,3777
10/06/2022,246.79,247.93,250.34,246.08,2024
10/05/2022,249.2,245.99,250.58,244.1,2035
10/04/2022,248.88,245.09,250.36,244.97,3489
10/03/2022,240.74,235.41,241.61,234.66,2888
09/30/2022,232.9,238.29,240.54,232.73,3569
09/29/2022,237.5,238.89,239.95,234.41,2748
09/28/2022,241.07,236.81,242.33,234.73,2903
09/27/2022,236.41,239.98,241.8,234.5,2702
09/26/2022,237.45,237.04,241.45,236.9,2769
09/23/2022,237.92,239.54,241.13,235.2,3418
09/22/2022,240.98,237.87,243.86,237.57,3106
09/21/2022,238.95,244.27,247.66,238.9,2863
09/20/2022,242.45,242.06,243.51,239.64,2666
09/19/2022,244.52,242.47,245.14,240.85,2683
09/16/2022,244.74,244.26,245.3,242.06,3979
09/15/2022,245.38,249.77,251.4,244.02,3153
09/14/2022,252.22,253.53,254.23,249.86,2391
09/13/2022,251.99,258.84,260.4,251.59,3335
09/12/2022,266.65,265.78,267.45,265.16,1875
09/09/2022,264.46,260.5,265.23,260.29,2209
09/08/2022,258.52,257.51,260.43,254.79,2032
09/07/2022,258.09,254.7,258.83,253.22,2413
09/06/2022,253.25,256.2,257.83,251.94,2133
09/02/2022,256.06,261.69,264.74,254.47,2286
09/01/2022,260.4,258.87,260.89,255.41,2326
08/31/2022,261.47,265.39,267.11,261.33,2479
08/30/2022,262.97,266.67,267.05,260.66,2277
08/29/2022,265.23,265.85,267.4,263.85,2034
08/26/2022,268.09,279.08,280.34,267.98,2755
08/25/2022,278.85,277.33,279.02,274.52,1658
08/24/2022,275.79,275.41,277.23,275.11,1814
08/23/2022,276.44,276.44,278.86,275.4,1753
08/22/2022,277.75,282.08,282.46,277.22,2506
08/19/2022,286.15,288.9,289.25,285.56,2057
08/18/2022,290.17,290.19,291.91,289.08,1719
08/17/2022,291.32,289.74,293.35,289.47,1825
08/16/2022,292.71,291.99,294.04,290.42,181
08/15/2022,293.47,291,294.18,290.11,1809
08/12/2022,291.91,288.48,291.91,286.94,2262
08/11/2022,287.02,290.85,291.21,286.51,2007
08/10/2022,289.16,288.17,289.81,286.94,2469
08/09/2022,282.3,279.64,283.08,277.61,2341
08/08/2022,280.32,284.05,285.92,279.32,1876
08/05/2022,282.91,279.15,283.65,278.68,1677
08/04/2022,283.65,281.8,283.8,280.17,181
08/03/2022,282.47,276.76,283.5,276.61,2352
08/02/2022,274.82,276,277.89,272.38,2275
08/01/2022,278.01,277.82,281.28,275.84,2154
07/29/2022,280.74,277.7,282,276.63,3215
07/28/2022,276.41,269.75,277.84,267.87,3346
07/27/2022,268.74,261.16,270.05,258.85,4599
07/26/2022,251.9,259.86,259.88,249.57,3935
07/25/2022,258.83,261,261.5,256.81,2106
07/22/2022,260.36,265.24,265.33,259.07,2188
07/21/2022,264.84,259.79,264.89,257.03,224
07/20/2022,262.27,259.9,264.87,258.91,2279
07/19/2022,259.53,257.57,259.72,253.68,2501
07/18/2022,254.25,259.75,260.84,253.3,2098
07/15/2022,256.72,255.72,260.37,254.77,2977
07/14/2022,254.08,250.57,255.14,245.94,251
07/13/2022,252.72,250.19,253.55,248.11,295
07/12/2022,253.67,265.88,265.94,252.04,3587
07/11/2022,264.51,265.65,266.53,262.18,1952
07/08/2022,267.66,264.79,268.1,263.29,1966
07/07/2022,268.4,265.12,269.06,265.02,2086
07/06/2022,266.21,263.75,267.99,262.4,2382
07/05/2022,262.85,256.16,262.98,254.74,2297
07/01/2022,259.58,256.39,259.77,254.61,2284
06/30/2022,256.83,257.05,259.53,252.9,3173
06/29/2022,260.26,257.59,261.97,255.76,2007
06/28/2022,256.48,263.98,266.91,256.32,2738
06/27/2022,264.89,268.2,268.3,263.28,2462
06/24/2022,267.7,261.81,267.98,261.72,3392
06/23/2022,258.86,255.57,259.37,253.63,2586
06/22/2022,253.13,251.89,257.17,250.37,2596
06/21/2022,253.74,250.25,254.75,249.51,2993
06/17/2022,247.65,244.7,250.5,244.03,4308
06/16/2022,244.97,245.98,247.42,243.02,3317
06/15/2022,251.76,248.31,255.3,246.42,3311
06/14/2022,244.49,243.86,245.74,241.51,2865
06/13/2022,242.26,245.11,249.02,241.53,4614
06/10/2022,252.99,260.58,260.58,252.53,3145
06/09/2022,264.79,267.78,272.71,264.63,2644
06/08/2022,270.41,271.71,273,269.61,1737
06/07/2022,272.5,266.63,273.13,265.94,2286
06/06/2022,268.75,272.06,274.18,267.22,224
06/03/2022,270.02,270.31,273.45,268.41,2806
06/02/2022,274.58,264.45,274.65,261.6,4401
06/01/2022,272.42,275.19,277.69,270.04,2529
05/31/2022,271.87,272.53,274.77,268.93,3783
05/27/2022,273.24,268.48,273.34,267.56,2691
05/26/2022,265.9,262.27,267.11,261.43,25
05/25/2022,262.52,258.14,264.58,257.12,2855
05/24/2022,259.62,257.89,261.33,253.5,2904
05/23/2022,260.65,255.49,261.5,253.43,3318
05/20/2022,252.56,257.24,258.54,246.44,392
05/19/2022,253.14,253.9,257.67,251.88,3269
05/18/2022,254.08,263,263.6,252.77,3136
05/17/2022,266.82,266.11,268.33,262.46,2883
05/16/2022,261.5,259.95,265.82,255.78,3255
05/13/2022,261.12,257.35,263.04,255.35,3493
05/12/2022,255.35,257.69,259.88,250.02,5103
05/11/2022,260.55,265.68,271.36,259.3,4898
05/10/2022,269.5,271.69,273.75,265.07,3934
05/09/2022,264.58,270.06,272.36,263.32,4773
05/06/2022,274.73,274.81,279.25,271.27,3778
05/05/2022,277.35,285.54,286.35,274.34,4326
05/04/2022,289.98,282.59,290.88,276.73,336
05/03/2022,281.78,283.96,284.13,280.15,2598
05/02/2022,284.47,277.71,284.94,276.22,3515
04/29/2022,277.52,288.61,289.88,276.5,3707
04/28/2022,289.63,285.19,290.98,281.46,3365
04/27/2022,283.22,282.1,290.97,279.16,6348
04/26/2022,270.22,277.5,278.36,270,4652
04/25/2022,280.72,273.29,281.11,270.77,3568
04/22/2022,274.03,281.68,283.2,273.38,2941
04/21/2022,280.81,288.58,293.3,280.06,2945
04/20/2022,286.36,289.4,289.7,285.37,2291
04/19/2022,285.3,279.38,286.17,278.41,223
04/18/2022,280.52,278.91,282.46,278.34,2078
04/14/2022,279.83,288.09,288.31,279.32,2822
04/13/2022,287.62,282.73,288.58,281.3,2191
04/12/2022,282.06,289.24,290.74,280.49,3097
04/11/2022,285.26,291.79,292.61,285,3457
04/08/2022,296.97,300.44,301.12,296.28,2436
04/07/2022,301.37,296.66,303.65,296.35,3141
04/06/2022,299.5,305.19,307,296.71,4011
04/05/2022,310.88,313.27,314.87,309.87,2316
04/04/2022,314.97,310.09,315.11,309.71,2434
04/01/2022,309.42,309.37,310.13,305.54,2711
03/31/2022,308.31,313.9,315.14,307.89,3342
03/30/2022,313.86,313.76,315.95,311.58,2816
03/29/2022,315.41,313.91,315.82,309.05,3039
03/28/2022,310.7,304.33,310.8,304.33,2958
03/25/2022,303.68,305.23,305.5,299.29,2257
03/24/2022,304.1,299.14,304.2,298.31,2448
03/23/2022,299.49,300.51,303.23,297.72,2572
03/22/2022,304.06,299.8,305,298.77,276
03/21/2022,299.16,298.89,300.14,294.9,2835
03/18/2022,300.43,295.37,301,292.73,4339
03/17/2022,295.22,293.29,295.61,289.37,3082
03/16/2022,294.39,289.11,294.57,283.2,3783
03/15/2022,287.15,280.35,287.82,278.73,3425
03/14/2022,276.44,280.34,285.4,275.82,3066
03/11/2022,280.07,287.96,289.51,279.43,2721
03/10/2022,285.59,283.02,286.6,280.58,3063
03/09/2022,288.5,283.44,289.6,280.78,352
03/08/2022,275.85,277.8,283.96,270,4816
03/07/2022,278.91,288.53,289.69,278.53,4316
03/04/2022,289.86,294.29,295.66,287.17,3237
03/03/2022,295.92,302.89,303.13,294.05,2731
03/02/2022,300.19,295.36,301.47,293.7,3187
03/01/2022,294.95,296.4,299.97,292.15,3122
02/28/2022,298.79,294.31,299.14,293,3463
02/25/2022,297.31,295.14,297.63,291.65,3255
02/24/2022,294.59,272.51,295.16,271.52,5699
02/23/2022,280.27,290.18,291.7,280.1,3781
02/22/2022,287.72,285,291.54,284.5,4174
02/18/2022,287.93,293.05,293.86,286.31,3426
02/17/2022,290.73,296.36,296.8,290,3246
02/16/2022,299.5,298.37,300.87,293.68,2998
02/15/2022,300.47,300.01,300.8,297.02,2738
02/14/2022,295,293.77,296.76,291.35,3636
02/11/2022,295.04,303.19,304.29,294.22,3918
02/10/2022,302.38,304.04,309.12,300.7,4539
02/09/2022,311.21,309.87,311.93,307.39,3128
02/08/2022,304.56,301.25,305.56,299.95,3242
02/07/2022,300.95,306.17,307.84,299.9,2853
02/04/2022,305.94,300.21,308.8,299.97,351
02/03/2022,301.25,309.49,311.23,299.96,4373
02/02/2022,313.46,309.63,315.12,308.88,3664
02/01/2022,308.76,310.41,310.63,305.13,4095
01/31/2022,310.98,308.95,312.38,306.37,4644
01/28/2022,308.26,300.23,308.48,294.45,4974
01/27/2022,299.84,302.66,307.3,297.93,5348
01/26/2022,296.71,307.99,308.5,293.03,9043
01/25/2022,288.49,291.52,294.99,285.17,7285
01/24/2022,296.37,292.2,297.11,276.05,8604
01/21/2022,296.03,302.69,304.11,295.61,5798
01/20/2022,301.6,309.07,311.65,301.14,3538
01/19/2022,303.33,306.29,313.91,302.7,4593
01/18/2022,302.65,304.07,309.8,301.74,4243
01/14/2022,310.2,304.25,310.82,303.75,3985
01/13/2022,304.8,320.47,320.88,304,4537
01/12/2022,318.27,319.67,323.41,317.08,3437
01/11/2022,314.98,313.38,316.61,309.89,2939
01/10/2022,314.27,309.49,314.72,304.69,4429
01/07/2022,314.04,314.15,316.5,310.09,3272
01/06/2022,313.88,313.15,318.7,311.49,3965
01/05/2022,316.38,325.86,326.07,315.98,4005
01/04/2022,329.01,334.83,335.2,326.12,3267
01/03/2022,334.75,335.35,338,329.78,2892
12/31/2021,336.32,338.51,339.36,335.85,18
12/30/2021,339.32,341.91,343.13,338.82,1599
12/29/2021,341.95,341.3,344.3,339.68,1504
12/28/2021,341.25,343.15,343.81,340.32,1566
12/27/2021,342.45,335.46,342.48,335.43,1995
12/23/2021,334.69,332.75,336.39,332.73,1962
12/22/2021,333.2,328.3,333.61,325.75,2483
12/21/2021,327.29,323.29,327.73,319.8,2474
12/20/2021,319.91,320.05,322.8,317.57,2833
12/17/2021,323.8,320.88,324.92,317.25,4798
12/16/2021,324.9,335.71,336.76,323.02,3503
12/15/2021,334.65,328.61,335.19,324.5,3538
12/14/2021,328.34,333.22,334.64,324.11,4444
12/13/2021,339.4,340.68,343.79,339.08,289
12/10/2021,342.54,334.98,343,334.79,381
12/09/2021,333.1,334.41,336.49,332.12,2221
12/08/2021,334.97,335.31,335.5,330.8,2476
12/07/2021,334.92,331.64,335.8,330.1,3102
12/06/2021,326.19,323.95,327.45,319.23,3003
12/03/2021,323.01,331.99,332.7,318.03,4178
12/02/2021,329.49,330.3,333.49,327.8,3077
12/01/2021,330.08,335.13,339.28,329.39,334
11/30/2021,330.59,335.32,337.78,328.99,4289
11/29/2021,336.63,334.94,339.03,334.74,2856
11/26/2021,329.68,334.35,337.93,328.12,2422
11/24/2021,337.91,336.28,338.16,333.91,2166
11/23/2021,337.68,337.05,339.45,333.56,3043
11/22/2021,339.83,344.62,349.67,339.55,3103
11/19/2021,343.11,342.64,345.1,342.2,2196
11/18/2021,341.27,338.18,342.45,337.12,2246
11/17/2021,339.12,338.94,342.19,338,1905
11/16/2021,339.51,335.68,340.67,335.51,2089
11/15/2021,336.07,337.54,337.88,334.03,1672
11/12/2021,336.72,333.92,337.23,333.79,2383
11/11/2021,332.43,331.25,333.77,330.51,1685
11/10/2021,330.8,334.57,334.63,329.92,255
11/09/2021,335.95,337.11,338.72,334.53,2131
11/08/2021,336.99,337.3,337.65,334.44,209
11/05/2021,336.06,338.51,338.79,334.42,2257
11/04/2021,336.44,332.89,336.54,329.51,2399
11/03/2021,334,333.9,334.9,330.65,215
11/02/2021,333.13,330.31,333.45,330,2649
11/01/2021,329.37,331.36,331.49,326.37,2707
10/29/2021,331.62,324.13,332,323.9,3477
10/28/2021,324.35,324.32,324.87,321.36,263
10/27/2021,323.17,316,326.1,316,5259
10/26/2021,310.11,311,312.39,308.6,2811
10/25/2021,308.13,309.36,309.4,306.46,1755
10/22/2021,309.16,310.4,311.09,307.8,1745
10/21/2021,310.76,307.17,311.02,306.36,1692
10/20/2021,307.41,309.21,309.7,306.11,1654
10/19/2021,308.23,308.35,309.3,307.22,1768
10/18/2021,307.29,303.57,308.21,302.69,2273
10/15/2021,304.21,302.34,304.45,300.52,2538
10/14/2021,302.75,299.21,303.27,297.83,2726
10/13/2021,296.31,294.91,297.28,293.49,2342
10/12/2021,292.88,295.34,295.44,292.35,1797
10/11/2021,294.23,292.92,297.97,292.75,193
10/08/2021,294.85,296.22,296.64,293.76,1769
10/07/2021,294.85,295.18,296.64,293.92,2043
10/06/2021,293.11,285.78,293.63,285.51,28
10/05/2021,288.76,284.05,290.4,284.05,2499
10/04/2021,283.11,287.4,287.75,280.25,3135
10/01/2021,289.1,282.12,289.98,281.29,3009
09/30/2021,281.92,285.71,287.83,281.62,3234
09/29/2021,284,285.1,286.77,283.01,2635
09/28/2021,283.52,289.8,290.78,282.75,4319
09/27/2021,294.17,296.14,296.47,292.94,2357
09/24/2021,299.35,298.23,299.8,296.93,15
09/23/2021,299.56,298.85,300.9,297.53,186
09/22/2021,298.58,296.73,300.22,294.51,2663
09/21/2021,294.8,295.69,297.54,294.07,2236
09/20/2021,294.3,296.33,298.72,289.52,3828
09/17/2021,299.87,304.17,304.5,299.53,4137
09/16/2021,305.22,303.76,305.31,300.76,1955
09/15/2021,304.82,303.26,305.32,301.82,2836
09/14/2021,299.79,299.56,301.39,298.1,2185
09/13/2021,296.99,297.55,298.54,294.08,2365
09/10/2021,295.71,298.42,299.92,295.38,1963
09/09/2021,297.25,300.82,302.14,297,1993
09/08/2021,300.21,299.78,300.61,297.47,1505
09/07/2021,300.18,301,301.09,298.2,1718
09/03/2021,301.14,300.99,302.6,300.26,1475
09/02/2021,301.15,302.2,303.36,300.18,1629
09/01/2021,301.83,302.87,305.19,301.49,1898
08/31/2021,301.88,304.42,304.5,301.5,2629
08/30/2021,303.59,301.12,304.22,301.06,1635
08/27/2021,299.72,298.99,300.87,296.83,2261
08/26/2021,299.09,300.99,302.43,298.95,1767
08/25/2021,302.01,304.3,304.59,300.42,2001
08/24/2021,302.62,305.02,305.65,302,1818
08/23/2021,304.65,303.25,305.4,301.85,2283
08/20/2021,304.36,299.72,305.84,298.06,4082
08/19/2021,296.77,288.69,297.47,288.64,2985
08/18/2021,290.73,292.04,294.82,290.27,2181
08/17/2021,293.08,292.39,293.43,291.08,2008
08/16/2021,294.6,293.19,294.82,290.02,2252
08/13/2021,292.85,289.48,292.9,289.3,1825
08/12/2021,289.81,286.63,289.97,286.34,1457
08/11/2021,286.95,287.21,288.66,285.86,1396
08/10/2021,286.44,288.8,289.25,285.2,1862
08/09/2021,288.33,289.75,291.55,287.81,1612
08/06/2021,289.46,288.5,289.5,287.62,1659
08/05/2021,289.52,286.88,289.63,286.1,139
08/04/2021,286.51,286.22,287.59,284.65,1619
08/03/2021,287.12,285.42,287.23,284,1788
08/02/2021,284.82,286.36,286.77,283.74,1627
07/30/2021,284.91,285.17,286.66,283.91,2094
07/29/2021,286.5,286.24,288.62,286.08,1817
07/28/2021,286.22,288.99,290.15,283.83,3357
07/27/2021,286.54,289.43,289.57,282.95,336
07/26/2021,289.05,289,289.69,286.64,2318
07/23/2021,289.67,287.37,289.99,286.5,2277
07/22/2021,286.14,283.84,286.42,283.42,2338
07/21/2021,281.4,278.9,281.52,277.29,2436
07/20/2021,279.32,278.03,280.97,276.26,2626
07/19/2021,277.01,278.93,280.37,274.45,3294
07/16/2021,280.75,282.07,284.1,279.46,2619
07/15/2021,281.03,282,282.51,279.83,226
07/14/2021,282.51,282.35,283.66,280.55,2311
07/13/2021,280.98,277.52,282.85,277.39,2612
07/12/2021,277.32,279.16,279.77,276.58,1893
07/09/2021,277.94,275.72,278.05,275.32,2392
07/08/2021,277.42,276.9,278.73,274.87,2462
07/07/2021,279.93,279.4,280.69,277.15,2326
07/06/2021,277.66,278.03,279.37,274.3,3157
07/02/2021,277.65,272.82,278,272.5,2647
07/01/2021,271.6,269.61,271.84,269.6,1673
06/30/2021,270.9,270.69,271.36,269.6,2166
06/29/2021,271.4,268.87,271.65,267.98,1994
06/28/2021,268.72,266.19,268.9,265.91,1959
06/25/2021,265.02,266.23,267.25,264.76,2561
06/24/2021,266.69,266.16,267.85,265.47,2145
06/23/2021,265.27,265.99,266.83,264.43,1952
06/22/2021,265.51,262.72,265.79,262.4,2469
06/21/2021,262.63,259.82,263.52,257.92,267
06/18/2021,259.43,259.63,262.3,258.75,372
06/17/2021,260.9,256.06,261.75,256.01,2757
06/16/2021,257.38,259.4,260.58,254.42,2722
06/15/2021,258.36,259.77,259.99,257.68,1804
06/14/2021,259.89,257.9,259.95,256.8,1915
06/11/2021,257.89,257.99,258.49,256.61,19
06/10/2021,257.24,254.29,257.46,253.67,2456
06/09/2021,253.59,253.81,255.53,253.21,1794
06/08/2021,252.57,255.16,256.01,252.51,2245
06/07/2021,253.81,249.98,254.09,249.81,2308
06/04/2021,250.79,247.76,251.65,247.51,2528
06/03/2021,245.71,245.22,246.34,243,2531
06/02/2021,247.3,248.12,249.27,245.84,1941
06/01/2021,247.4,251.23,251.29,246.96,2321
05/28/2021,249.68,251,252.08,249.56,1827
05/27/2021,249.31,251.17,251.48,249.25,2443
05/26/2021,251.49,251.43,252.94,250.75,1777
05/25/2021,251.72,251.77,252.75,250.82,177
05/24/2021,250.78,247.78,251.16,247.51,2141
05/21/2021,245.17,247.56,248.33,244.74,2186
05/20/2021,246.48,243.96,247.95,243.86,218
05/19/2021,243.12,239.31,243.23,238.6,2574
05/18/2021,243.08,246.27,246.41,242.9,2017
05/17/2021,245.18,246.55,246.59,243.52,2497
05/14/2021,248.15,245.57,249.18,245.49,239
05/13/2021,243.03,241.8,245.6,241.42,2962
05/12/2021,239,242.16,244.38,238.07,3668
05/11/2021,246.23,244.55,246.6,242.57,3364
05/10/2021,247.18,250.87,251.73,247.12,293
05/07/2021,252.46,252.15,254.3,251.17,2703
05/06/2021,249.73,246.45,249.86,244.69,2649
05/05/2021,246.47,249.06,249.5,245.82,219
05/04/2021,247.79,250.97,251.21,245.76,3276
05/03/2021,251.86,253.4,254.35,251.12,1963
04/30/2021,252.18,249.74,253.08,249.6,3095
04/29/2021,252.51,255.46,256.1,249,4059
04/28/2021,254.56,256.08,256.54,252.95,469
04/27/2021,261.97,261.58,263.19,260.12,3101
04/26/2021,261.55,261.66,262.44,260.17,1976
04/23/2021,261.15,257.88,261.51,257.27,215
04/22/2021,257.17,260.21,261.78,255.64,2561
04/21/2021,260.58,258.94,260.68,257.25,2403
04/20/2021,258.26,257.82,260.2,256.84,1972
04/19/2021,258.74,260.19,261.48,257.82,2321
04/16/2021,260.74,259.47,261,257.6,2488
04/15/2021,259.5,257.93,259.93,257.73,2563
04/14/2021,255.59,257.48,258.83,255.16,2307
04/13/2021,258.49,257.26,259.19,256.83,2384
04/12/2021,255.91,254.71,257.67,254.62,2715
04/09/2021,255.85,252.87,255.99,252.44,2433
04/08/2021,253.25,252.77,254.14,252,2363
04/07/2021,249.9,247.81,250.93,247.19,2272
04/06/2021,247.86,247.61,249.4,246.88,2293
04/05/2021,249.07,242.76,249.96,242.7,3691
04/01/2021,242.35,238.47,242.84,238.05,3034
03/31/2021,235.77,232.91,239.1,232.39,4362
03/30/2021,231.85,233.53,233.85,231.1,2479
03/29/2021,235.24,236.59,236.8,231.88,2523
03/26/2021,236.48,231.55,236.71,231.55,2548
03/25/2021,232.34,235.3,236.94,231.57,3406
03/24/2021,235.46,237.84,238,235.32,2562
03/23/2021,237.58,237.49,241.05,237.07,3164
03/22/2021,235.99,230.27,236.9,230.14,3013
03/19/2021,230.35,231.02,232.47,229.35,4643
03/18/2021,230.72,232.56,234.19,230.33,3485
03/17/2021,237.04,236.15,238.55,233.23,2956
03/16/2021,237.71,236.28,240.06,235.94,2809
03/15/2021,234.81,234.96,235.19,231.81,2604
03/12/2021,235.75,234.01,235.82,233.23,2265
03/11/2021,237.13,234.96,239.17,234.31,2991
03/10/2021,232.42,237,237,232.04,2975
03/09/2021,233.78,232.88,235.38,231.67,3308
03/08/2021,227.39,231.37,233.37,227.13,3527
03/05/2021,231.6,229.52,233.27,226.46,4187
03/04/2021,226.73,226.74,232.49,224.26,4473
03/03/2021,227.56,232.16,233.58,227.26,3403
03/02/2021,233.87,237.01,237.3,233.45,2281
03/01/2021,236.94,235.9,237.47,233.15,2533
02/26/2021,232.38,231.53,235.37,229.54,3782
02/25/2021,228.99,232.08,234.59,227.88,3954
02/24/2021,234.55,230.01,235.2,229,2634
02/23/2021,233.27,230.32,234.83,228.73,3023
02/22/2021,234.51,237.42,237.93,232.4,3645
02/19/2021,240.97,243.75,243.86,240.18,2526
02/18/2021,243.79,241.8,243.93,240.86,1693
02/17/2021,244.2,241.32,244.31,240.94,2167
02/16/2021,243.7,245.03,246.13,242.92,2673
02/12/2021,244.99,243.93,245.3,242.73,1656
02/11/2021,244.49,244.78,245.15,242.15,1575
02/10/2021,242.82,245,245.92,240.89,2219
02/09/2021,243.77,241.87,244.76,241.38,2356
02/08/2021,242.47,243.15,243.68,240.81,2221
02/05/2021,242.2,242.23,243.28,240.42,1805
02/04/2021,242.01,242.66,243.24,240.37,253
02/03/2021,243,239.57,245.09,239.26,2716
02/02/2021,239.51,241.3,242.31,238.69,2592
02/01/2021,239.65,235.06,242.5,232.43,3331
01/29/2021,231.96,235.99,238.02,231.35,425
01/28/2021,238.93,235.61,242.64,235.09,4911
01/27/2021,232.9,238,240.44,230.14,6987
01/26/2021,232.33,231.86,234.18,230.08,4917
01/25/2021,229.53,229.12,229.78,224.22,3315
01/22/2021,225.95,227.08,230.07,225.8,3017
01/21/2021,224.97,224.7,226.3,222.42,3075
01/20/2021,224.34,217.7,225.79,217.29,3778
01/19/2021,216.44,213.75,216.98,212.63,3048
01/15/2021,212.65,213.52,214.51,212.03,3175
01/14/2021,213.02,215.91,217.46,212.74,2935
01/13/2021,216.34,214.02,216.76,213.93,2009
01/12/2021,214.93,216.5,217.1,213.32,2325
01/11/2021,217.49,218.47,218.91,216.73,2305
01/08/2021,219.62,218.68,220.58,217.03,2296
01/07/2021,218.29,214.04,219.34,213.71,2769
01/06/2021,212.25,212.17,216.49,211.94,3593
01/05/2021,217.9,217.26,218.52,215.7,2382
01/04/2021,217.69,222.53,223,214.81,3713
12/31/2020,222.42,221.7,223,219.68,2094
12/30/2020,221.68,225.23,225.63,221.47,2027
12/29/2020,224.15,226.31,227.18,223.58,174
12/28/2020,224.96,224.45,226.03,223.02,1793
12/24/2020,222.75,221.42,223.61,221.2,1055
12/23/2020,221.02,223.11,223.56,220.8,187
12/22/2020,223.94,222.69,225.63,221.85,2264
12/21/2020,222.59,217.55,224,217.28,3718
12/18/2020,218.59,218.59,219.69,216.02,6335
12/17/2020,219.42,219.87,220.89,217.92,3252
12/16/2020,219.28,214.75,220.11,214.72,3502
12/15/2020,214.13,215.16,215.42,212.24,2702
12/14/2020,214.2,213.1,216.21,212.88,288
12/11/2020,213.26,210.05,213.32,209.11,3098
12/10/2020,210.52,211.77,213.08,210.36,2647
12/09/2020,211.8,215.16,215.22,211.21,3244
12/08/2020,216.01,213.97,216.95,212.89,2328
12/07/2020,214.29,214.37,215.54,212.99,2462
12/04/2020,214.36,214.22,215.38,213.18,2467
12/03/2020,214.24,214.61,216.38,213.65,2512
12/02/2020,215.37,214.88,215.47,212.8,2372
12/01/2020,216.21,214.51,217.32,213.35,3093
11/30/2020,214.07,214.1,214.76,210.84,3306
11/27/2020,215.23,214.85,216.27,214.04,1451
11/25/2020,213.87,215.11,215.29,212.46,2101
11/24/2020,213.86,209.59,214.25,208.86,3398
11/23/2020,210.11,210.95,212.29,208.16,2568
11/20/2020,210.39,212.2,213.28,210,2284
11/19/2020,212.42,211.38,213.03,209.93,2479
11/18/2020,211.08,213.65,215.17,210.93,2837
11/17/2020,214.46,216.1,217.68,214.08,2415
11/16/2020,217.23,214.87,217.74,214.52,2495
11/13/2020,216.51,216.36,217.42,214.16,1863
11/12/2020,215.44,217.21,219.11,214.46,2162
11/11/2020,216.55,212.39,218.04,212.2,2944
11/10/2020,211.01,214.5,216.5,209.72,4405
11/09/2020,218.39,224.44,228.12,217.88,4439
11/06/2020,223.72,222.26,224.36,218.03,2523
11/05/2020,223.29,222.04,224.12,221.15,3608
11/04/2020,216.39,214.02,218.32,212.42,4231
11/03/2020,206.43,203.89,208.12,203.12,2751
11/02/2020,202.33,204.29,205.28,200.12,3084
10/30/2020,202.47,203.5,204.29,199.62,3698
10/29/2020,204.72,204.07,207.36,203.37,3143
10/28/2020,202.68,207.67,208.84,202.1,512
10/27/2020,213.25,211.59,214.67,210.33,367
10/26/2020,210.08,213.85,216.34,208.1,3711
10/23/2020,216.23,215.03,216.28,213.16,1888
10/22/2020,214.89,213.93,216.06,211.7,2235
10/21/2020,214.8,213.12,216.92,213.12,2272
10/20/2020,214.65,215.8,217.37,213.09,2275
10/19/2020,214.22,220.41,222.3,213.72,2763
10/16/2020,219.66,220.15,222.29,219.32,2606
10/15/2020,219.66,217.1,220.36,216.01,2273
10/14/2020,220.86,223,224.22,219.13,2345
10/13/2020,222.86,222.72,225.21,220.43,2895
10/12/2020,221.4,218.79,223.86,216.81,4046
10/09/2020,215.81,211.23,215.86,211.23,2646
10/08/2020,210.58,210.51,211.19,208.32,1993
10/07/2020,209.83,207.06,210.11,206.72,2568
10/06/2020,205.91,208.82,210.18,204.82,2855
10/05/2020,210.38,207.22,210.41,206.98,2133
10/02/2020,206.19,208,210.99,205.54,3315
10/01/2020,212.46,213.49,213.99,211.32,2716
09/30/2020,210.33,207.73,211.98,206.54,3383
09/29/2020,207.26,209.35,210.07,206.81,2446
09/28/2020,209.44,210.88,212.57,208.06,32
09/25/2020,207.82,203.55,209.04,202.54,2944
09/24/2020,203.19,199.85,205.57,199.2,312
09/23/2020,200.59,207.9,208.1,200.03,308
09/22/2020,207.42,205.06,208.1,202.07,3352
09/21/2020,202.54,197.19,202.71,196.38,3984
09/18/2020,200.39,202.8,203.65,196.25,5523
09/17/2020,202.91,200.05,204.33,199.96,3401
09/16/2020,205.05,210.62,210.65,204.64,2637
09/15/2020,208.78,208.42,209.78,206.93,2182
09/14/2020,205.41,204.24,209.2,204.03,3038
09/11/2020,204.03,207.2,208.63,201.24,3362
09/10/2020,205.37,213.4,214.74,204.11,3546
09/09/2020,211.29,207.6,214.84,206.7,4568
09/08/2020,202.66,206.5,210.03,202.2,5292
09/04/2020,214.25,215.1,218.36,205.19,5966
09/03/2020,217.3,229.27,229.31,214.96,584
09/02/2020,231.65,227.97,232.86,227.35,3408
09/01/2020,227.27,225.51,227.45,224.43,2579
08/31/2020,225.53,227,228.7,224.31,2877
08/28/2020,228.91,228.18,230.64,226.58,2629
08/27/2020,226.58,222.89,231.15,219.4,576
08/26/2020,221.15,217.88,222.09,217.36,396
08/25/2020,216.47,213.1,216.61,213.1,2304
08/24/2020,213.69,214.79,215.52,212.43,2546
08/21/2020,213.02,213.86,216.25,212.85,3625
08/20/2020,214.58,209.54,215,208.91,2698
08/19/2020,209.7,211.49,212.1,209.25,2763
08/18/2020,211.49,210.53,212.36,209.21,2134
08/17/2020,210.28,209.6,211.19,208.91,2018
08/14/2020,208.9,208.76,209.59,207.51,1796
08/13/2020,208.7,209.44,211.35,208.15,2259
08/12/2020,209.19,205.29,210.28,204.75,2804
08/11/2020,203.38,207.16,207.65,203.14,3645
08/10/2020,208.25,211.67,211.88,206.35,3672
08/07/2020,212.48,214.85,215.7,210.93,2782
08/06/2020,216.35,212.34,216.37,211.55,3266
08/05/2020,212.94,214.9,215,211.57,2886
08/04/2020,213.29,214.17,214.77,210.31,4928
08/03/2020,216.54,211.52,217.64,210.44,7898
07/31/2020,205.01,204.4,205.1,199.01,5125
07/30/2020,203.9,201,204.46,199.57,2508
07/29/2020,204.06,202.5,204.65,202.01,1963
07/28/2020,202.02,203.61,204.7,201.74,2325
07/27/2020,203.85,201.47,203.97,200.86,3016
07/24/2020,201.3,200.42,202.86,197.51,3983
07/23/2020,202.54,207.19,210.92,202.15,6746
07/22/2020,211.75,209.2,212.3,208.39,4961
07/21/2020,208.75,213.66,213.94,208.03,3811
07/20/2020,211.6,205,212.3,203.01,3688
07/17/2020,202.88,204.47,205.04,201.39,3164
07/16/2020,203.92,205.4,205.7,202.31,2994
07/15/2020,208.04,209.56,211.33,205.03,3218
07/14/2020,208.35,206.13,208.85,202.03,3759
07/13/2020,207.07,214.48,215.8,206.5,3814
07/10/2020,213.67,213.62,214.08,211.08,2618
07/09/2020,214.32,216.33,216.38,211.47,3312
07/08/2020,212.83,210.07,213.26,208.69,336
07/07/2020,208.25,210.45,214.67,207.99,336
07/06/2020,210.7,208.83,211.13,208.09,319
07/02/2020,206.26,205.68,208.02,205,2932
07/01/2020,204.7,203.14,206.35,201.77,3206
06/30/2020,203.51,197.88,204.4,197.74,3431
06/29/2020,198.44,195.78,198.53,193.55,267
06/26/2020,196.33,199.73,199.89,194.88,5468
06/25/2020,200.34,197.8,200.61,195.47,278
06/24/2020,197.84,201.6,203.25,196.56,3674
06/23/2020,201.91,202.09,203.95,201.43,3092
06/22/2020,200.57,195.79,200.76,195.23,3282
06/19/2020,195.15,198.59,199.29,194.37,4444
06/18/2020,196.32,194,196.49,194,2306
06/17/2020,194.24,195.03,196.32,193.69,2569
06/16/2020,193.57,192.89,195.58,191.46,4256
06/15/2020,188.94,184.58,190.82,184.01,3277
06/12/2020,187.74,190.54,191.72,185.18,4337
06/11/2020,186.27,193.13,195.76,186.07,5285
06/10/2020,196.84,191.12,198.52,191.01,4387
06/09/2020,189.8,188,190.7,187.26,2978
06/08/2020,188.36,185.94,188.55,184.44,3321
06/05/2020,187.2,182.62,187.73,182.01,3989
06/04/2020,182.92,184.3,185.84,182.3,2876
06/03/2020,185.36,184.81,185.94,183.58,2731
06/02/2020,184.91,184.25,185,181.35,3079
06/01/2020,182.83,182.54,183,181.46,2267
05/29/2020,183.25,182.73,184.27,180.41,4215
05/28/2020,181.4,180.74,184.15,180.38,3383
05/27/2020,181.81,180.2,181.99,176.6,3952
05/26/2020,181.57,186.34,186.5,181.1,3607
05/22/2020,183.51,183.19,184.46,182.54,2083
05/21/2020,183.43,185.4,186.67,183.29,2912
05/20/2020,185.66,184.81,185.85,183.94,3126
05/19/2020,183.63,185.03,186.6,183.49,268
05/18/2020,184.91,185.75,186.2,183.96,3531
05/15/2020,183.16,179.06,187.06,177,4661
05/14/2020,180.53,177.54,180.69,175.68,4187
05/13/2020,179.75,182.55,184.05,176.54,4471
05/12/2020,182.51,186.8,187.04,182.3,3204
05/11/2020,186.74,183.15,187.51,182.85,3089
05/08/2020,184.68,184.98,185,183.36,3091
05/07/2020,183.6,184.17,184.55,182.58,2832
05/06/2020,182.54,182.08,184.2,181.63,3214
05/05/2020,180.76,180.62,183.65,179.9,3684
05/04/2020,178.84,174.49,179,173.8,3037
05/01/2020,174.57,175.8,178.64,174.01,3937
04/30/2020,179.21,180,180.4,176.23,5388
04/29/2020,177.43,173.22,177.68,171.88,5129
04/28/2020,169.81,175.59,175.67,169.39,3439
04/27/2020,174.05,176.59,176.9,173.3,3319
04/24/2020,174.55,172.06,174.56,170.71,3431
04/23/2020,171.42,174.11,175.06,170.91,3279
04/22/2020,173.52,171.39,174,170.82,3465
04/21/2020,167.82,173.5,173.67,166.11,562
04/20/2020,175.06,176.63,178.75,174.99,3667
04/17/2020,178.6,179.5,180,175.87,5277
04/16/2020,177.04,174.3,177.28,172.9,5048
04/15/2020,171.88,171.2,173.57,169.24,4094
04/14/2020,173.7,169,173.75,168,5287
04/13/2020,165.51,164.35,165.57,162.3,4191
04/09/2020,165.14,166.36,167.37,163.33,5143
04/08/2020,165.13,165.67,166.67,163.5,4832
04/07/2020,163.49,169.59,170,163.26,6277
04/06/2020,165.27,160.32,166.5,157.58,6711
04/03/2020,153.83,155.1,157.38,152.19,4124
04/02/2020,155.26,151.86,155.48,150.36,4963
04/01/2020,152.11,153,157.75,150.82,5797
03/31/2020,157.71,159.4,164.78,156.56,7793
03/30/2020,160.23,152.44,160.6,150.01,6342
03/27/2020,149.7,151.75,154.89,149.2,5704
03/26/2020,156.11,148.4,156.66,148.37,6469
03/25/2020,146.92,148.91,154.33,144.44,7564
03/24/2020,148.34,143.75,149.6,141.27,8252
03/23/2020,135.98,137.01,140.57,132.52,7898
03/20/2020,137.35,146,147.1,135.86,8487
03/19/2020,142.71,142.77,150.15,139,8592
03/18/2020,140.4,138,146,135.02,8159
03/17/2020,146.57,140,147.5,135,8106
03/16/2020,135.42,140,149.35,135,8791
03/13/2020,158.83,147.5,161.91,140.73,9273
03/12/2020,139.06,145.3,153.47,138.58,9323
03/11/2020,153.63,157.13,157.7,151.15,565
03/10/2020,160.92,158.16,161.03,152.58,6535
03/09/2020,150.62,151,157.75,150,7042
03/06/2020,161.57,162.61,163.11,156,7282
03/05/2020,166.27,166.04,170.87,165.69,4782
03/04/2020,170.55,168.49,170.7,165.62,4981
03/03/2020,164.51,173.8,175,162.26,7168
03/02/2020,172.79,165.31,172.92,162.31,7103
02/28/2020,162.01,152.41,163.71,152,9707
02/27/2020,158.18,163.32,167.03,157.98,9317
02/26/2020,170.17,169.71,173.26,168.21,5639
02/25/2020,168.07,174.2,174.84,167.65,6807
02/24/2020,170.89,167.77,174.55,163.23,6831
02/21/2020,178.59,183.17,183.5,177.25,486
02/20/2020,184.42,186.95,187.25,181.1,3686
02/19/2020,187.28,188.06,188.18,186.47,30
02/18/2020,187.23,185.6,187.7,185.5,2785
02/14/2020,185.35,183.25,185.41,182.65,2315
02/13/2020,183.71,183.08,186.23,182.87,353
02/12/2020,184.71,185.58,185.85,181.85,4706
02/11/2020,184.44,190.65,190.7,183.5,5316
02/10/2020,188.7,183.58,188.84,183.25,3584
02/07/2020,183.89,182.84,185.63,182.48,3353
02/06/2020,183.63,180.97,183.82,180.06,2775
02/05/2020,179.9,184.03,184.2,178.41,3919
02/04/2020,180.12,177.14,180.64,176.31,3643
02/03/2020,174.38,170.43,174.5,170.4,3015
01/31/2020,170.23,172.21,172.4,169.58,3614
01/30/2020,172.78,174.05,174.05,170.79,516
01/29/2020,168.04,167.84,168.75,165.69,3513
01/28/2020,165.46,163.78,165.75,163.07,249
01/27/2020,162.28,161.15,163.38,160.2,3208
01/24/2020,165.04,167.51,167.53,164.45,2492
01/23/2020,166.72,166.19,166.8,165.27,1968
01/22/2020,165.7,167.4,167.49,165.68,2414
01/21/2020,166.5,166.68,168.19,166.43,2952
01/17/2020,167.1,167.42,167.47,165.43,3437
01/16/2020,166.17,164.35,166.24,164.03,2387
01/15/2020,163.18,162.62,163.94,162.57,2142
01/14/2020,162.13,163.39,163.6,161.72,235
01/13/2020,163.28,161.76,163.31,161.26,2164
01/10/2020,161.34,162.82,163.22,161.18,2073
01/09/2020,162.09,161.84,162.22,161.03,214
01/08/2020,160.09,158.93,160.8,157.95,2776
01/07/2020,157.58,159.32,159.67,157.32,2188
01/06/2020,159.03,157.08,159.1,156.51,2083
01/03/2020,158.62,158.32,159.94,158.06,2112
01/02/2020,160.62,158.78,160.73,158.33,2263
12/31/2019,157.7,156.77,157.77,156.45,1839
12/30/2019,157.59,158.99,159.02,156.73,1636
12/27/2019,158.96,159.45,159.55,158.22,1841
12/26/2019,158.67,157.56,158.73,157.4,1453
12/24/2019,157.38,157.48,157.71,157.12,899
12/23/2019,157.41,158.12,158.12,157.27,1773
12/20/2019,157.41,157.35,158.49,156.29,536
12/19/2019,155.71,154,155.77,153.75,2581
12/18/2019,154.37,154.3,155.48,154.18,2413
12/17/2019,154.69,155.45,155.71,154.45,2544
12/16/2019,155.53,155.11,155.9,154.82,2415
12/13/2019,154.53,153,154.89,152.83,2385
12/12/2019,153.24,151.65,153.44,151.02,2465
12/11/2019,151.7,151.54,151.87,150.33,1886
12/10/2019,151.13,151.29,151.89,150.76,1648
12/09/2019,151.36,151.07,152.21,150.91,1674
12/06/2019,151.75,150.99,151.87,150.27,1641
12/05/2019,149.93,150.05,150.32,149.48,1788
12/04/2019,149.85,150.14,150.18,149.2,1758
12/03/2019,149.31,147.49,149.43,146.65,2519
12/02/2019,149.55,151.81,151.83,148.32,2747
11/29/2019,151.38,152.1,152.3,151.28,1198
11/27/2019,152.32,152.33,152.5,151.52,152
11/26/2019,152.03,151.36,152.42,151.32,2464
11/25/2019,151.23,150,151.35,149.92,2243
11/22/2019,149.59,150.07,150.3,148.82,1584
11/21/2019,149.48,149.4,149.8,148.5,1858
11/20/2019,149.62,150.31,150.84,148.46,2572
11/19/2019,150.39,150.88,151.33,150.19,2396
11/18/2019,150.34,150.07,150.55,148.98,2155
11/15/2019,149.97,148.93,149.99,148.27,2351
11/14/2019,148.06,147.02,148.41,147,1976
11/13/2019,147.31,146.74,147.46,146.28,1744
11/12/2019,147.07,146.28,147.57,146.06,1865
11/11/2019,146.11,145.34,146.42,144.73,1437
11/08/2019,145.96,143.98,145.99,143.76,1675
11/07/2019,144.26,143.84,144.88,143.77,1779
11/06/2019,144.06,144.37,144.52,143.2,1658
11/05/2019,144.46,144.97,145.02,143.91,1825
11/04/2019,144.55,144.83,145,144.16,1691
11/01/2019,143.72,144.26,144.42,142.97,3313
10/31/2019,143.37,144.9,144.93,142.99,2461
10/30/2019,144.61,143.52,145,142.79,185
10/29/2019,142.83,144.08,144.5,142.65,2059
10/28/2019,144.19,144.4,145.67,143.51,3528
10/25/2019,140.73,139.34,141.14,139.2,2596
10/24/2019,139.94,139.39,140.42,138.67,3728
10/23/2019,137.24,136.88,137.45,135.61,3138
10/22/2019,136.37,138.97,140.01,136.26,2794
10/21/2019,138.43,138.45,138.5,137.01,2072
10/18/2019,137.41,139.76,140,136.56,3228
10/17/2019,139.69,140.95,141.42,139.02,221
10/16/2019,140.41,140.79,140.99,139.53,2084
10/15/2019,141.57,140.06,141.79,139.81,1992
10/14/2019,139.55,139.69,140.29,139.52,1359
10/11/2019,139.68,140.12,141.03,139.5,2555
10/10/2019,139.1,138.49,139.67,138.25,184
10/09/2019,138.24,137.46,138.7,136.97,2018
10/08/2019,135.67,137.08,137.76,135.62,2678
10/07/2019,137.12,137.14,138.18,137.02,166
10/04/2019,138.12,136.75,138.25,136.42,2384
10/03/2019,136.28,134.95,136.75,133.22,2638
10/02/2019,134.65,136.25,136.37,133.58,32
10/01/2019,137.07,139.66,140.25,137,2258
09/30/2019,139.03,138.05,139.22,137.78,1843
09/27/2019,137.73,140.15,140.36,136.65,225
09/26/2019,139.54,139.44,140.18,138.44,1781
09/25/2019,139.36,137.5,139.96,136.03,2254
09/24/2019,137.38,140.36,140.69,136.88,3002
09/23/2019,139.14,139.23,139.63,138.44,1741
09/20/2019,139.44,141.01,141.65,138.25,4004
09/19/2019,141.07,140.3,142.37,140.07,361
09/18/2019,138.52,137.36,138.67,136.53,2447
09/17/2019,137.39,136.96,137.52,136.43,1798
09/16/2019,136.33,135.83,136.7,135.66,1673
09/13/2019,137.32,137.78,138.06,136.57,2336
09/12/2019,137.52,137.85,138.42,136.87,2701
09/11/2019,136.12,135.91,136.27,135.09,2473
09/10/2019,136.08,136.8,136.89,134.51,289
09/09/2019,137.52,139.59,139.75,136.46,2577
09/06/2019,139.1,140.03,140.18,138.2,2082
09/05/2019,140.05,139.11,140.38,138.76,2612
09/04/2019,137.63,137.3,137.69,136.48,1802
09/03/2019,136.04,136.61,137.2,135.7,1888
08/30/2019,137.86,139.15,139.18,136.27,2395
08/29/2019,138.12,137.25,138.44,136.91,2018
08/28/2019,135.56,134.88,135.76,133.55,1741
08/27/2019,135.74,136.39,136.72,134.66,2312
08/26/2019,135.45,134.99,135.56,133.9,2033
08/23/2019,133.39,137.19,138.35,132.8,3852
08/22/2019,137.78,138.66,139.2,136.29,1871
08/21/2019,138.79,138.55,139.49,138,1498
08/20/2019,137.26,138.21,138.71,137.24,2119
08/19/2019,138.41,137.85,138.55,136.88,2437
08/16/2019,136.13,134.88,136.46,134.72,2503
08/15/2019,133.68,134.39,134.58,132.25,2813
08/14/2019,133.98,136.36,136.92,133.67,3253
08/13/2019,138.6,136.05,138.8,135,255
08/12/2019,135.79,137.07,137.86,135.24,2048
08/09/2019,137.71,138.61,139.38,136.46,2347
08/08/2019,138.89,136.6,138.99,135.93,275
08/07/2019,135.28,133.79,135.65,131.83,3341
08/06/2019,134.69,133.8,135.68,133.21,327
08/05/2019,132.21,133.3,133.93,130.78,4275
08/02/2019,136.9,138.09,138.32,135.26,3079
08/01/2019,138.06,137,140.94,136.93,4056
07/31/2019,136.27,140.33,140.49,135.08,386
07/30/2019,140.35,140.14,141.22,139.8,1685
07/29/2019,141.03,141.5,141.51,139.37,1661
07/26/2019,141.34,140.37,141.68,140.3,1904
07/25/2019,140.19,140.43,140.61,139.32,1836
07/24/2019,140.72,138.9,140.74,138.85,2074
07/23/2019,139.29,139.76,139.99,138.03,1803
07/22/2019,138.43,137.41,139.19,137.33,2508
07/19/2019,136.62,140.22,140.67,136.45,4899
07/18/2019,136.42,135.55,136.62,134.67,3081
07/17/2019,136.27,137.7,137.93,136.22,2021
07/16/2019,137.08,138.96,139.05,136.52,2273
07/15/2019,138.9,139.44,139.54,138.46,1665
07/12/2019,138.9,138.85,139.13,138.01,1894
07/11/2019,138.4,138.2,139.22,137.87,2233
07/10/2019,137.85,137.13,138.58,137.02,242
07/09/2019,136.46,136,136.97,135.8,1995
07/08/2019,136.96,136.4,137.1,135.37,1678
07/05/2019,137.06,135.94,137.33,135.72,1814
07/03/2019,137.46,136.8,137.74,136.29,1363
07/02/2019,136.58,136.12,136.59,135.34,1524
07/01/2019,135.68,136.63,136.7,134.97,2265
06/28/2019,133.96,134.57,134.6,133.16,3004
06/27/2019,134.15,134.14,134.71,133.51,1656
06/26/2019,133.93,134.35,135.74,133.6,2366
06/25/2019,133.43,137.25,137.59,132.73,3333
06/24/2019,137.78,137,138.4,137,2063
06/21/2019,136.97,136.58,137.73,136.46,3673
06/20/2019,136.95,137.45,137.66,135.72,3304
06/19/2019,135.69,135,135.93,133.81,2374
06/18/2019,135.16,134.19,135.24,133.57,2593
06/17/2019,132.85,132.63,133.73,132.53,1452
06/14/2019,132.45,132.26,133.79,131.64,1782
06/13/2019,132.32,131.98,132.67,131.56,172
06/12/2019,131.49,131.4,131.97,130.71,1709
06/11/2019,132.1,133.88,134.24,131.28,2391
06/10/2019,132.6,132.4,134.08,132,2648
06/07/2019,131.4,129.19,132.25,128.26,3389
06/06/2019,127.82,126.44,127.97,125.6,2146
06/05/2019,125.83,124.95,125.87,124.21,2493
06/04/2019,123.16,121.28,123.28,120.65,2938
06/03/2019,119.84,123.85,124.37,119.01,3798
05/31/2019,123.68,124.23,124.61,123.32,2665
05/30/2019,125.73,125.26,125.76,124.78,1683
05/29/2019,124.94,125.38,125.39,124.04,2276
05/28/2019,126.16,126.98,128,126.05,2313
05/24/2019,126.24,126.91,127.42,125.97,1412
05/23/2019,126.18,126.2,126.29,124.74,236
05/22/2019,127.67,126.62,128.24,126.52,154
05/21/2019,126.9,127.43,127.53,126.58,1529
05/20/2019,126.22,126.52,127.59,125.76,2371
05/17/2019,128.07,128.31,130.46,127.92,2577
05/16/2019,128.93,126.75,129.38,126.46,3011
05/15/2019,126.02,124.26,126.71,123.7,2472
05/14/2019,124.73,123.87,125.88,123.7,2527
05/13/2019,123.35,124.11,125.55,123.04,3394
05/10/2019,127.13,124.91,127.93,123.82,3092
05/09/2019,125.5,124.29,125.79,123.57,2724
05/08/2019,125.51,125.44,126.37,124.75,2842
05/07/2019,125.52,126.46,127.18,124.22,3602
05/06/2019,128.15,126.39,128.56,126.11,2424
05/03/2019,128.9,127.36,129.43,127.25,2491
05/02/2019,126.21,127.98,128,125.52,2735
05/01/2019,127.88,130.53,130.65,127.7,2682
04/30/2019,130.6,129.81,130.7,129.39,2417
04/29/2019,129.77,129.9,130.18,129.35,1632
04/26/2019,129.89,129.7,130.52,129.02,2365
04/25/2019,129.15,130.06,131.37,128.83,3803
04/24/2019,125.01,125.79,125.85,124.52,3126
04/23/2019,125.44,124.1,125.58,123.83,2403
04/22/2019,123.76,122.62,124,122.57,1565
04/18/2019,123.37,122.19,123.52,121.3,2799
04/17/2019,121.77,121.24,121.85,120.54,193
04/16/2019,120.77,121.64,121.65,120.1,1407
04/15/2019,121.05,120.94,121.58,120.57,1579
04/12/2019,120.95,120.64,120.98,120.37,1975
04/11/2019,120.33,120.54,120.85,119.92,1421
04/10/2019,120.19,119.76,120.35,119.54,1648
04/09/2019,119.28,118.63,119.54,118.58,1761
04/08/2019,119.93,119.81,120.02,118.64,1512
04/05/2019,119.89,119.39,120.23,119.37,1583
04/04/2019,119.36,120.1,120.23,118.38,2011
04/03/2019,119.97,119.86,120.43,119.15,2286
04/02/2019,119.19,119.06,119.48,118.52,1814
04/01/2019,119.02,118.95,119.11,118.1,2279
03/29/2019,117.94,118.07,118.32,116.96,254
03/28/2019,116.93,117.44,117.58,116.13,1833
03/27/2019,116.77,117.88,118.21,115.52,2273
03/26/2019,117.91,118.62,118.7,116.85,261
03/25/2019,117.66,116.56,118.01,116.32,2707
03/22/2019,117.05,119.5,119.59,117.04,3362
03/21/2019,120.22,117.14,120.82,117.09,2985
03/20/2019,117.52,117.39,118.75,116.71,2811
03/19/2019,117.65,118.09,118.44,116.99,3759
03/18/2019,117.57,116.17,117.61,116.05,3121
03/15/2019,115.91,115.34,117.25,114.59,5463
03/14/2019,114.59,114.54,115.2,114.33,3076
03/13/2019,114.5,114.13,115,113.78,3551
03/12/2019,113.62,112.82,113.99,112.65,2613
03/11/2019,112.83,110.99,112.95,110.98,2649
03/08/2019,110.51,109.16,110.71,108.8,2282
03/07/2019,110.39,111.4,111.55,109.86,2534
03/06/2019,111.75,111.87,112.66,111.43,1769
03/05/2019,111.7,112.25,112.39,111.23,1954
03/04/2019,112.26,113.02,113.25,110.8,2661
03/01/2019,112.53,112.89,113.02,111.67,235
02/28/2019,112.03,112.04,112.88,111.73,2908
02/27/2019,112.17,111.69,112.36,110.88,2149
02/26/2019,112.36,111.26,113.24,111.17,2154
02/25/2019,111.59,111.76,112.18,111.26,2375
02/22/2019,110.97,110.05,111.2,109.82,2776
02/21/2019,109.41,106.9,109.48,106.87,2906
02/20/2019,107.15,107.86,107.94,106.29,2161
02/19/2019,108.17,107.79,108.66,107.78,1804
02/15/2019,108.22,107.91,108.3,107.36,2661
02/14/2019,106.9,106.31,107.29,105.66,2178
02/13/2019,106.81,107.5,107.78,106.71,1839
02/12/2019,106.89,106.14,107.14,105.48,2506
02/11/2019,105.25,106.2,106.58,104.97,1891
02/08/2019,105.67,104.39,105.78,104.26,2146
02/07/2019,105.27,105.19,105.59,104.29,2976
02/06/2019,106.03,107,107,105.53,2061
02/05/2019,107.22,106.06,107.27,105.96,2733
02/04/2019,105.74,102.87,105.8,102.77,3132
02/01/2019,102.78,103.78,104.1,102.35,3554
01/31/2019,104.43,103.8,105.22,103.18,5564
01/30/2019,106.38,104.62,106.38,104.33,4947
01/29/2019,102.94,104.88,104.97,102.17,3149
01/28/2019,105.08,106.26,106.48,104.66,2948
01/25/2019,107.17,107.24,107.88,106.59,3122
01/24/2019,106.2,106.86,107,105.34,2316
01/23/2019,106.71,106.12,107.04,105.34,2587
01/22/2019,105.68,106.75,107.1,104.86,3237
01/18/2019,107.71,107.46,107.9,105.91,3743
01/17/2019,106.12,105,106.62,104.76,2839
01/16/2019,105.38,105.26,106.25,104.96,2985
01/15/2019,105.01,102.51,105.05,101.88,3159
01/14/2019,102.05,101.9,102.87,101.26,2844
01/11/2019,102.8,103.19,103.44,101.64,2831
01/10/2019,103.6,103.22,103.75,102.38,3007
01/09/2019,104.27,103.86,104.88,103.24,3228
01/08/2019,102.8,103.04,103.97,101.71,3151
01/07/2019,102.06,101.64,103.27,100.98,3566
01/04/2019,101.93,99.72,102.51,98.93,4406
01/03/2019,97.4,100.1,100.19,97.2,4258
01/02/2019,101.12,99.55,101.75,98.94,3533
12/31/2018,101.57,101.29,102.4,100.44,3317
12/28/2018,100.39,102.09,102.41,99.52,3817
12/27/2018,101.18,99.3,101.19,96.4,495
12/26/2018,100.56,95.14,100.69,93.96,5163
12/24/2018,94.13,97.68,97.97,93.98,4394
12/21/2018,98.23,101.63,103,97.46,11124
12/20/2018,101.51,103.05,104.31,98.78,7033
12/19/2018,103.69,103.65,106.88,101.35,682
12/18/2018,103.97,103.75,104.51,102.52,4932
12/17/2018,102.89,105.41,105.8,101.71,5696
12/14/2018,106.03,108.25,109.26,105.5,4704
12/13/2018,109.45,109.58,110.87,108.63,3133
12/12/2018,109.08,110.89,111.27,109.04,3618
12/11/2018,108.59,109.8,110.95,107.44,4238
12/10/2018,107.59,104.8,107.98,103.89,408
12/07/2018,104.82,108.38,109.45,104.3,4504
12/06/2018,109.19,105.82,109.24,105,4911
12/04/2018,108.52,111.94,112.64,108.21,452
12/03/2018,112.09,113,113.42,110.73,3473
11/30/2018,110.89,110.7,110.97,109.36,3367
11/29/2018,110.19,110.33,111.11,109.03,2812
11/28/2018,111.12,107.89,111.33,107.86,4679
11/27/2018,107.14,106.27,107.33,105.36,2912
11/26/2018,106.47,104.79,106.63,104.58,3234
11/23/2018,103.07,102.17,103.81,102,1382
11/21/2018,103.11,103.6,104.43,102.24,2813
11/20/2018,101.71,101.8,102.97,99.35,6405
11/19/2018,104.62,108.27,108.56,103.55,4477
11/16/2018,108.29,107.08,108.88,106.8,335
11/15/2018,107.28,104.99,107.8,103.91,3851
11/14/2018,104.97,108.1,108.26,104.47,395
11/13/2018,106.94,107.55,108.74,106.64,3537
11/12/2018,106.87,109.42,109.96,106.1,3362
11/09/2018,109.57,110.85,111.45,108.76,3204
11/08/2018,111.75,111.8,112.21,110.91,2564
11/07/2018,111.96,109.44,112.24,109.4,379
11/06/2018,107.72,107.38,108.84,106.28,2434
11/05/2018,107.51,106.37,107.74,105.9,2792
11/02/2018,106.16,106.48,107.32,104.97,3768
11/01/2018,105.92,107.05,107.32,105.53,3338
10/31/2018,106.81,105.44,108.14,105.39,5106
10/30/2018,103.73,103.66,104.38,100.11,6535
10/29/2018,103.85,108.11,108.7,101.63,5516
10/26/2018,106.96,105.69,108.75,104.76,5552
10/25/2018,108.3,106.55,109.27,106.15,6165
10/24/2018,102.32,108.41,108.49,101.59,639
10/23/2018,108.1,107.77,108.97,105.11,4377
10/22/2018,109.63,109.32,110.54,108.24,2655
10/19/2018,108.66,108.93,110.86,108.21,3279
10/18/2018,108.5,110.1,110.53,107.83,3251
10/17/2018,110.71,111.68,111.81,109.55,2655
10/16/2018,111,109.54,111.41,108.95,3161
10/15/2018,107.6,108.91,109.48,106.95,3207
10/12/2018,109.57,109.01,111.24,107.12,4774
10/11/2018,105.91,105.35,108.93,104.2,639
10/10/2018,106.16,111.24,111.5,105.79,6138
10/09/2018,112.26,111.14,113.08,110.8,262
10/08/2018,110.85,111.66,112.03,109.34,2964
10/05/2018,112.13,112.63,113.17,110.64,2907
10/04/2018,112.79,114.61,114.76,111.63,3482
10/03/2018,115.17,115.42,116.18,114.93,1665
10/02/2018,115.15,115.3,115.84,114.44,2079
10/01/2018,115.61,114.75,115.68,114.73,1888
09/28/2018,114.37,114.19,114.57,113.68,2165
09/27/2018,114.41,114.78,114.91,114.2,1909
09/26/2018,113.98,114.47,115.06,113.74,1935
09/25/2018,114.45,114.8,115.1,113.75,2267
09/24/2018,114.67,113.03,114.9,112.22,2733
09/21/2018,114.26,114,115.29,113.51,7123
09/20/2018,113.57,112.28,113.8,111.93,2371
09/19/2018,111.7,113.05,113.32,111.03,2173
09/18/2018,113.21,112.19,113.69,111.72,2217
09/17/2018,112.14,113.69,113.7,111.86,2074
09/14/2018,113.37,113.36,113.73,112.44,1912
09/13/2018,112.91,112.12,113.72,112.12,2606
09/12/2018,111.71,111.43,111.85,110.51,1889
09/11/2018,111.24,108.9,111.59,108.89,243
09/10/2018,109.38,108.84,109.64,108.36,2073
09/07/2018,108.21,108.23,108.72,107.23,225
09/06/2018,108.74,108.25,108.99,107.51,2348
09/05/2018,108.49,111.01,111.42,108.1,3287
09/04/2018,111.71,110.85,111.95,110.22,2263
08/31/2018,112.33,111.69,112.78,111.52,2322
08/30/2018,111.95,111.67,112.61,111.44,228
08/29/2018,112.02,110.45,112.03,110.27,2082
08/28/2018,110.26,109.94,110.5,109.79,1915
08/27/2018,109.6,109.27,109.64,108.51,1966
08/24/2018,108.4,107.67,108.56,107.56,1723
08/23/2018,107.56,107.15,108.18,106.87,1817
08/22/2018,107.06,105.85,107.34,105.78,18
08/21/2018,105.98,106.92,107.35,105.85,2288
08/20/2018,106.87,107.51,107.9,106.48,1791
08/17/2018,107.58,107.36,107.9,106.69,1806
08/16/2018,107.64,108.3,108.86,107.3,2138
08/15/2018,107.66,108.49,108.98,106.82,2998
08/14/2018,109.56,108.56,109.75,108.04,1679
08/13/2018,108.21,109.24,109.58,108.1,1847
08/10/2018,109,109.42,109.69,108.38,1818
08/09/2018,109.67,109.71,110.16,109.6,1368
08/08/2018,109.49,109.33,109.75,108.76,1549
08/07/2018,108.88,108.56,109.1,108.17,1608
08/06/2018,108.13,108.12,108.42,107.56,2027
08/03/2018,108.04,107.8,108.05,106.82,1866
08/02/2018,107.57,105.4,108.09,104.84,261
08/01/2018,106.28,106.03,106.45,105.42,2363
07/31/2018,106.08,106.49,106.72,105.38,2766
07/30/2018,105.37,107.19,107.53,104.76,3467
07/27/2018,107.68,110.18,110.18,106.14,3701
07/26/2018,109.62,110.74,111,109.5,3137
07/25/2018,110.83,107.95,111.15,107.6,308
07/24/2018,107.66,108.57,108.82,107.26,2632
07/23/2018,107.97,106.3,108.14,106.13,2971
07/20/2018,106.27,108.08,108.2,106.08,5604
07/19/2018,104.4,104.93,105.31,103.89,4017
07/18/2018,105.12,105.94,106.05,104.72,2949
07/17/2018,105.95,104.61,106.5,104.32,259
07/16/2018,104.91,105.4,105.82,104.52,2179
07/13/2018,105.43,104.37,105.6,104.09,2465
07/12/2018,104.19,102.77,104.41,102.73,2434
07/11/2018,101.98,101.15,102.34,101.1,1964
07/10/2018,102.12,102,102.51,101.86,1929
07/09/2018,101.85,101.65,102.25,101.25,1821
07/06/2018,101.16,99.89,101.43,99.67,1923
07/05/2018,99.76,99.5,99.92,99.03,1898
07/03/2018,99.05,100.48,100.63,98.94,1467
07/02/2018,100.01,98.1,100.06,98,1956
06/29/2018,98.61,98.93,99.91,98.33,2805
06/28/2018,98.63,97.38,99.11,97.26,2665
06/27/2018,97.54,99.58,100.02,97.4,313
06/26/2018,99.08,98.82,100.08,98.75,269
06/25/2018,98.39,100,100.11,97.3,3543
06/22/2018,100.41,100.41,100.77,99.62,3892
06/21/2018,101.14,102.08,102.46,100.88,232
06/20/2018,101.87,101.37,102.52,101.12,2618
06/19/2018,100.86,99.65,101,99.5,2865
06/18/2018,100.86,100.01,101.11,99.42,2359
06/15/2018,100.13,101.51,101.53,100.07,6574
06/14/2018,101.42,101.65,102.03,101,2569
06/13/2018,100.85,101.72,102.01,100.56,2949
06/12/2018,101.31,101.1,101.45,100.75,1833
06/11/2018,101.05,101.37,101.59,100.67,2349
06/08/2018,101.63,101.09,101.95,100.54,2217
06/07/2018,100.88,102.65,102.69,100.38,2823
06/06/2018,102.49,102.48,102.6,101.9,2112
06/05/2018,102.19,102,102.33,101.53,2351
06/04/2018,101.67,101.26,101.86,100.85,2728
06/01/2018,100.79,99.28,100.86,99.17,2866
05/31/2018,98.84,99.29,99.99,98.61,3414
05/30/2018,98.95,98.31,99.25,97.91,2216
05/29/2018,98.01,97.84,98.88,97.23,2867
05/25/2018,98.36,98.3,98.98,97.86,1836
05/24/2018,98.31,98.72,98.94,96.81,2665
05/23/2018,98.66,96.71,98.73,96.32,2125
05/22/2018,97.5,97.68,98.17,97.2,1544
05/21/2018,97.6,97,98.01,96.8,1942
05/18/2018,96.36,96.01,96.93,96.01,1787
05/17/2018,96.18,96.76,97.54,95.83,1725
05/16/2018,97.15,97.36,97.4,96.61,1738
05/15/2018,97.32,97.24,97.85,96.34,2459
05/14/2018,98.03,97.92,98.69,97.31,1945
05/11/2018,97.7,97.8,97.87,97.04,1678
05/10/2018,97.91,97.46,97.95,97.05,2239
05/09/2018,96.94,96.01,96.97,95.05,2733
05/08/2018,95.81,95.85,96.16,95.06,2348
05/07/2018,96.22,95.17,96.71,95.1,2424
05/04/2018,95.16,93.32,95.37,92.92,2253
05/03/2018,94.07,92.96,94.92,92.45,3114
05/02/2018,93.51,94.99,95.17,93.19,2747
05/01/2018,95,93.21,95.29,92.79,3141
04/30/2018,93.52,96.33,96.4,93.15,4152
04/27/2018,95.82,97.6,97.9,93.91,4827
04/26/2018,94.26,93.55,95.15,93.1,4253
04/25/2018,92.31,93.3,93.3,90.28,3373
04/24/2018,93.12,96.24,96.47,92.41,3452
04/23/2018,95.35,95.74,96.29,94.63,2233
04/20/2018,95,95.91,96.11,94.05,3115
04/19/2018,96.11,96.44,97.07,95.34,2355
04/18/2018,96.44,96.22,96.72,95.52,2104
04/17/2018,96.07,95,96.54,94.88,2677
04/16/2018,94.17,94.07,94.66,93.42,2029
04/13/2018,93.08,94.05,94.18,92.44,2335
04/12/2018,93.58,92.43,94.16,92.43,2676
04/11/2018,91.86,92.01,93.29,91.48,2487
04/10/2018,92.88,92.39,93.28,91.64,2694
04/09/2018,90.77,91.04,93.17,90.62,3153
04/06/2018,90.23,91.49,92.46,89.48,3803
04/05/2018,92.38,92.44,93.06,91.4,2977
04/04/2018,92.33,87.85,92.76,87.73,3556
04/03/2018,89.71,89.58,90.05,87.89,3721
04/02/2018,88.52,90.47,90.88,87.51,4852
03/29/2018,91.27,90.18,92.29,88.4,4587
03/28/2018,89.39,89.82,91.23,88.87,525
03/27/2018,89.47,94.94,95.14,88.51,5657
03/26/2018,93.78,90.61,94,90.4,564
03/23/2018,87.18,89.5,90.46,87.08,4407
03/22/2018,89.79,91.27,91.75,89.66,386
03/21/2018,92.48,92.93,94.05,92.21,2446
03/20/2018,93.13,93.05,93.77,93,2308
03/19/2018,92.89,93.74,93.9,92.11,3334
03/16/2018,94.6,94.68,95.38,93.92,4908
03/15/2018,94.18,93.53,94.58,92.83,2761
03/14/2018,93.85,95.12,95.41,93.5,3213
03/13/2018,94.41,97,97.24,93.97,3539
03/12/2018,96.77,96.5,97.21,96.04,2607
03/09/2018,96.54,95.29,96.54,95,3694
03/08/2018,94.43,94.27,95.1,93.77,2589
03/07/2018,93.86,93.16,93.94,92.43,2672
03/06/2018,93.32,94.34,94.49,92.94,2218
03/05/2018,93.64,92.34,94.27,92.26,239
03/02/2018,93.05,91.58,93.15,90.86,3283
03/01/2018,92.85,93.99,94.57,91.84,3714
02/28/2018,93.77,94.84,95.7,93.63,3117
02/27/2018,94.2,95.74,95.84,94.2,2587
02/26/2018,95.42,94.4,95.45,94.25,302
02/23/2018,94.06,92.75,94.07,92.36,2633
02/22/2018,91.73,92.05,92.73,91.36,2439
02/21/2018,91.49,92.98,93.36,91.49,2692
02/20/2018,92.72,91.47,93.06,91.01,3091
02/16/2018,92,92.45,93.5,91.8,306
02/15/2018,92.66,91.21,92.72,90.62,2782
02/14/2018,90.81,88.51,90.99,88.41,3496
02/13/2018,89.83,88.93,90,87.8,2641
02/12/2018,89.13,88.73,89.78,87.93,3572
02/09/2018,88.18,86.3,88.93,83.83,635
02/08/2018,85.01,89.71,89.88,84.76,5563
02/07/2018,89.61,90.49,91.77,89.2,4111
02/06/2018,91.33,86.89,91.47,85.25,68
02/05/2018,88,90.56,93.24,88,5103
02/02/2018,91.78,93.64,93.97,91.5,4787
02/01/2018,94.26,94.79,96.07,93.58,4723
01/31/2018,95.01,93.75,95.4,93.51,4876
01/30/2018,92.74,93.3,93.66,92.1,3864
01/29/2018,93.92,95.14,95.45,93.72,3157
01/26/2018,94.06,93.12,94.06,92.58,2917
01/25/2018,92.33,92.47,93.24,91.93,2638
01/24/2018,91.82,92.55,93.43,91.58,3328
01/23/2018,91.9,91.9,92.3,91.54,2341
01/22/2018,91.61,90,91.62,89.74,236
01/19/2018,90,90.14,90.61,89.66,3688
01/18/2018,90.1,89.8,90.67,89.66,2416
01/17/2018,90.14,89.08,90.28,88.75,2562
01/16/2018,88.35,90.1,90.79,88.01,366
01/12/2018,89.6,88.67,89.78,88.45,2427
01/11/2018,88.08,88.13,88.13,87.24,1781
01/10/2018,87.82,87.86,88.19,87.41,1865
01/09/2018,88.22,88.65,88.73,87.86,1948
01/08/2018,88.28,88.2,88.58,87.6,2211
01/05/2018,88.19,87.66,88.41,87.43,2341
01/04/2018,87.11,86.59,87.66,86.57,2191
01/03/2018,86.35,86.06,86.51,85.97,2606
01/02/2018,85.95,86.12,86.31,85.5,2248
12/29/2017,85.54,85.63,86.05,85.5,1872
12/28/2017,85.72,85.9,85.93,85.55,1059
12/27/2017,85.71,85.65,85.98,85.22,1468
12/26/2017,85.4,85.31,85.53,85.03,989
12/22/2017,85.51,85.4,85.63,84.92,1415
12/21/2017,85.5,86.05,86.1,85.4,1799
12/20/2017,85.52,86.2,86.3,84.71,2367
12/19/2017,85.83,86.35,86.35,85.27,2352
12/18/2017,86.38,87.12,87.5,86.23,2228
12/15/2017,86.85,85.26,87.09,84.88,5394
12/14/2017,84.69,85.43,85.87,84.53,1931
12/13/2017,85.35,85.74,86,85.17,2206
12/12/2017,85.58,85.31,86.05,85.08,2392
12/11/2017,85.23,84.29,85.37,84.12,2286
12/08/2017,84.16,83.63,84.58,83.33,2449
12/07/2017,82.49,82.54,82.8,82,2318
12/06/2017,82.78,81.55,83.14,81.43,2616
12/05/2017,81.59,81.34,82.68,80.98,2615
12/04/2017,81.08,84.42,84.43,80.7,3909
12/01/2017,84.26,83.6,84.81,83.22,2953
11/30/2017,84.17,83.51,84.52,83.34,3305
11/29/2017,83.34,84.71,84.92,83.17,2738
11/28/2017,84.88,84.07,85.06,84.02,2193
11/27/2017,83.87,83.31,83.98,83.3,1827
11/24/2017,83.26,83.01,83.43,82.78,743
11/22/2017,83.11,83.83,83.9,83.04,2055
11/21/2017,83.72,82.74,83.84,82.74,2124
11/20/2017,82.53,82.4,82.59,82.25,1631
11/17/2017,82.4,83.12,83.12,82.24,2208
11/16/2017,83.2,83.1,83.42,82.94,2096
11/15/2017,82.98,83.47,83.69,82.69,1938
11/14/2017,84.05,83.5,84.1,82.98,188
11/13/2017,83.93,83.66,83.94,83.46,142
11/10/2017,83.87,83.79,84.09,83.23,194
11/09/2017,84.09,84.11,84.27,82.9,2118
11/08/2017,84.56,84.14,84.61,83.83,1803
11/07/2017,84.27,84.77,84.9,83.93,1794
11/06/2017,84.47,84.2,84.7,84.08,1986
11/03/2017,84.14,84.08,84.54,83.4,1763
11/02/2017,84.05,83.35,84.46,83.12,2399
11/01/2017,83.18,83.68,83.76,82.88,2231
10/31/2017,83.18,84.36,84.36,83.11,2709
10/30/2017,83.89,83.7,84.33,83.11,3176
10/27/2017,83.81,84.37,86.2,83.61,7107
10/26/2017,78.76,79.2,79.42,78.75,3212
10/25/2017,78.63,78.58,79.1,78.01,2041
10/24/2017,78.86,78.9,79.2,78.46,1752
10/23/2017,78.83,78.99,79.34,78.76,2063
10/20/2017,78.81,78.32,78.97,78.22,2287
10/19/2017,77.91,77.57,77.93,77.35,1509
10/18/2017,77.61,77.67,77.85,77.37,133
10/17/2017,77.59,77.47,77.62,77.25,1682
10/16/2017,77.65,77.42,77.81,77.35,1238
10/13/2017,77.49,77.59,77.87,77.29,1534
10/12/2017,77.12,76.49,77.29,76.37,1688
10/11/2017,76.42,76.36,76.46,75.95,1539
10/10/2017,76.29,76.33,76.63,76.14,1394
10/09/2017,76.29,75.97,76.55,75.86,1139
10/06/2017,76,75.67,76.03,75.54,1396
10/05/2017,75.97,75.22,76.12,74.96,212
10/04/2017,74.69,74,74.72,73.71,1332
10/03/2017,74.26,74.67,74.88,74.19,1219
10/02/2017,74.61,74.71,75.01,74.3,153
09/29/2017,74.49,73.94,74.53,73.88,1708
09/28/2017,73.87,73.54,73.97,73.31,1088
09/27/2017,73.85,73.55,74.17,73.17,1957
09/26/2017,73.26,73.67,73.81,72.99,1802
09/25/2017,73.26,74.09,74.25,72.92,2415
09/22/2017,74.41,73.99,74.51,73.85,1411
09/21/2017,74.21,75.11,75.24,74.11,1919
09/20/2017,74.94,75.35,75.55,74.31,2159
09/19/2017,75.44,75.21,75.71,75.01,1609
09/18/2017,75.16,75.23,75.97,75.04,2331
09/15/2017,75.31,74.83,75.39,74.07,3858
09/14/2017,74.77,75,75.49,74.52,1573
09/13/2017,75.21,74.93,75.23,74.55,1338
09/12/2017,74.68,74.76,75.24,74.37,1439
09/11/2017,74.76,74.31,74.94,74.31,1791
09/08/2017,73.98,74.33,74.44,73.84,147
09/07/2017,74.34,73.68,74.6,73.6,1747
09/06/2017,73.4,73.74,74.04,73.35,1654
09/05/2017,73.61,73.34,73.89,72.98,2224
09/01/2017,73.94,74.71,74.74,73.64,2174
08/31/2017,74.77,74.03,74.96,73.8,2765
08/30/2017,74.01,73.01,74.21,72.83,169
08/29/2017,73.05,72.25,73.16,72.05,1148
08/28/2017,72.83,73.06,73.09,72.55,1457
08/25/2017,72.82,72.86,73.35,72.48,1279
08/24/2017,72.69,72.74,72.86,72.07,171
08/23/2017,72.72,72.96,73.15,72.53,1377
08/22/2017,73.16,72.35,73.24,72.35,1434
08/21/2017,72.15,72.47,72.48,71.7,1773
08/18/2017,72.49,72.27,72.84,71.93,1876
08/17/2017,72.4,73.58,73.87,72.4,2298
08/16/2017,73.65,73.34,74.1,73.17,1815
08/15/2017,73.22,73.59,73.59,73.04,1918
08/14/2017,73.59,73.06,73.72,72.95,201
08/11/2017,72.5,71.61,72.7,71.28,2144
08/10/2017,71.41,71.9,72.19,71.35,2473
08/09/2017,72.47,72.25,72.51,72.05,2221
08/08/2017,72.79,72.09,73.13,71.75,2204
08/07/2017,72.4,72.8,72.9,72.26,1871
08/04/2017,72.68,72.4,73.04,72.24,2258
08/03/2017,72.15,72.19,72.44,71.84,1821
08/02/2017,72.26,72.55,72.56,71.44,265
08/01/2017,72.58,73.1,73.42,72.49,2082
07/31/2017,72.7,73.3,73.44,72.41,236
07/28/2017,73.04,72.67,73.31,72.54,1831
07/27/2017,73.16,73.76,74.42,72.32,3684
07/26/2017,74.05,74.34,74.38,73.81,1625
07/25/2017,74.19,73.8,74.31,73.5,2202
07/24/2017,73.6,73.53,73.75,73.13,2139
07/21/2017,73.79,73.45,74.29,73.17,4672
07/20/2017,74.22,74.18,74.3,73.28,4236
07/19/2017,73.86,73.5,74.04,73.45,2242
07/18/2017,73.3,73.09,73.39,72.66,2644
07/17/2017,73.35,72.8,73.45,72.72,218
07/14/2017,72.78,72.24,73.27,71.96,2587
07/13/2017,71.77,71.5,72.04,71.31,2027
07/12/2017,71.15,70.69,71.28,70.55,1775
07/11/2017,69.99,70,70.68,69.75,1746
07/10/2017,69.98,69.46,70.25,69.2,1501
07/07/2017,69.46,68.7,69.84,68.7,1688
07/06/2017,68.57,68.27,68.78,68.12,2112
07/05/2017,69.08,68.25,69.44,68.22,2118
07/03/2017,68.17,69.33,69.6,68.02,1617
06/30/2017,68.93,68.78,69.38,68.74,2416
06/29/2017,68.49,69.38,69.49,68.09,2892
06/28/2017,69.8,69.21,69.84,68.79,2581
06/27/2017,69.21,70.11,70.18,69.18,2522
06/26/2017,70.53,71.4,71.71,70.44,1961
06/23/2017,71.21,70.09,71.25,69.92,2762
06/22/2017,70.26,70.54,70.59,69.71,2297
06/21/2017,70.27,70.21,70.62,69.94,1989
06/20/2017,69.91,70.82,70.87,69.87,2151
06/19/2017,70.87,70.5,70.94,70.35,238
06/16/2017,70,69.73,70.03,69.22,4835
06/15/2017,69.9,69.27,70.21,68.8,2607
06/14/2017,70.27,70.91,71.1,69.43,2551
06/13/2017,70.65,70.02,70.82,69.96,2526
06/12/2017,69.78,69.25,69.94,68.13,4776
06/09/2017,70.32,72.03,72.08,68.59,4919
06/08/2017,71.95,72.51,72.52,71.5,2459
06/07/2017,72.39,72.64,72.77,71.95,223
06/06/2017,72.52,72.3,72.62,72.27,3151
06/05/2017,72.28,71.97,72.89,71.81,3332
06/02/2017,71.76,70.44,71.86,70.24,3477
06/01/2017,70.1,70.24,70.61,69.45,216
05/31/2017,69.84,70.53,70.74,69.81,3044
05/30/2017,70.41,69.79,70.41,69.77,1707
05/26/2017,69.96,69.8,70.22,69.52,1983
05/25/2017,69.62,68.97,69.88,68.91,2185
05/24/2017,68.77,68.87,68.88,68.45,1467
05/23/2017,68.68,68.72,68.75,68.38,1543
05/22/2017,68.45,67.89,68.5,67.5,1624
05/19/2017,67.69,67.5,68.09,67.43,2696
05/18/2017,67.71,67.4,68.13,67.14,252
05/17/2017,67.48,68.89,69.1,67.43,3055
05/16/2017,69.41,68.23,69.44,68.16,3496
05/15/2017,68.43,68.14,68.48,67.57,3153
05/12/2017,68.38,68.61,68.61,68.04,1871
05/11/2017,68.46,68.36,68.73,68.12,2879
05/10/2017,69.31,68.99,69.56,68.92,1798
05/09/2017,69.04,68.86,69.28,68.68,2286
05/08/2017,68.94,68.97,69.05,68.42,1857
05/05/2017,69,68.9,69.03,68.48,1913
05/04/2017,68.81,69.03,69.08,68.64,2175
05/03/2017,69.08,69.38,69.38,68.71,2893
05/02/2017,69.3,69.71,69.71,69.13,2391
05/01/2017,69.41,68.68,69.55,68.5,3195
04/28/2017,68.46,68.91,69.14,67.69,3955
04/27/2017,68.27,68.15,68.38,67.58,3497
04/26/2017,67.83,68.08,68.31,67.62,2619
04/25/2017,67.92,67.9,68.04,67.6,3024
04/24/2017,67.53,67.48,67.66,67.1,2977
04/21/2017,66.4,65.67,66.7,65.45,3252
04/20/2017,65.5,65.46,65.75,65.14,223
04/19/2017,65.04,65.65,65.75,64.89,2699
04/18/2017,65.39,65.33,65.71,65.16,1516
04/17/2017,65.48,65.04,65.49,65.01,1669
04/13/2017,64.95,65.29,65.86,64.95,179
04/12/2017,65.23,65.42,65.51,65.11,1711
04/11/2017,65.48,65.6,65.61,64.85,1879
04/10/2017,65.53,65.61,65.82,65.36,1795
04/07/2017,65.68,65.85,65.96,65.44,1411
04/06/2017,65.73,65.6,66.06,65.48,181
04/05/2017,65.56,66.3,66.35,65.44,2145
04/04/2017,65.73,65.39,65.81,65.28,13
04/03/2017,65.55,65.81,65.94,65.19,204
03/31/2017,65.86,65.65,66.19,65.45,2104
03/30/2017,65.71,65.42,65.98,65.36,1512
03/29/2017,65.47,65.12,65.5,64.95,1362
03/28/2017,65.29,64.96,65.47,64.65,2008
03/27/2017,65.1,64.63,65.22,64.35,1861
03/24/2017,64.98,65.12,65.45,64.76,2262
03/23/2017,64.87,64.94,65.23,64.77,1927
03/22/2017,65.03,64.12,65.14,64.12,2068
03/21/2017,64.21,65.19,65.5,64.13,2664
03/20/2017,64.93,64.91,65.17,64.72,146
03/17/2017,64.87,64.91,65.24,64.68,4922
03/16/2017,64.64,64.75,64.76,64.3,2067
03/15/2017,64.75,64.55,64.92,64.25,2483
03/14/2017,64.41,64.53,64.55,64.15,1428
03/13/2017,64.71,65.01,65.19,64.57,201
03/10/2017,64.93,65.11,65.26,64.75,1954
03/09/2017,64.73,65.19,65.2,64.48,1985
03/08/2017,64.99,64.26,65.08,64.25,2151
03/07/2017,64.4,64.19,64.78,64.19,1852
03/06/2017,64.27,63.97,64.56,63.81,1875
03/03/2017,64.25,63.99,64.28,63.62,1814
03/02/2017,64.01,64.69,64.75,63.88,2454
03/01/2017,64.94,64.13,64.99,64.02,2694
02/28/2017,63.98,64.08,64.2,63.76,2324
02/27/2017,64.23,64.54,64.54,64.05,1587
02/24/2017,64.62,64.53,64.8,64.14,218
02/23/2017,64.62,64.42,64.73,64.19,2027
02/22/2017,64.36,64.33,64.39,64.05,1929
02/21/2017,64.49,64.61,64.95,64.45,2066
02/17/2017,64.62,64.47,64.69,64.3,2125
02/16/2017,64.52,64.74,65.24,64.44,2055
02/15/2017,64.53,64.5,64.57,64.16,1701
02/14/2017,64.57,64.41,64.72,64.02,2311
02/13/2017,64.72,64.24,64.86,64.13,2292
02/10/2017,64,64.25,64.3,63.98,1817
02/09/2017,64.06,63.52,64.44,63.32,2264
02/08/2017,63.34,63.57,63.81,63.22,181
02/07/2017,63.43,63.74,63.78,63.23,2028
02/06/2017,63.64,63.5,63.65,63.14,198
02/03/2017,63.68,63.5,63.7,63.07,303
02/02/2017,63.17,63.25,63.41,62.75,4583
02/01/2017,63.58,64.36,64.62,63.47,3967
01/31/2017,64.65,64.86,65.15,64.26,2527
01/30/2017,65.13,65.69,65.79,64.8,3165
01/27/2017,65.78,65.39,65.91,64.89,4482
01/26/2017,64.27,64.12,64.53,63.55,4355
01/25/2017,63.68,63.95,64.1,63.45,2465
01/24/2017,63.52,63.2,63.73,62.94,2467
01/23/2017,62.96,62.7,63.12,62.57,231
01/20/2017,62.74,62.67,62.82,62.37,3021
01/19/2017,62.3,62.24,62.98,62.2,1845
01/18/2017,62.5,62.67,62.7,62.12,1967
01/17/2017,62.53,62.68,62.7,62.03,2066
01/13/2017,62.7,62.62,62.87,62.35,1942
01/12/2017,62.61,63.06,63.4,61.95,2097
01/11/2017,63.19,62.61,63.23,62.43,2152
01/10/2017,62.62,62.73,63.07,62.28,1859
01/09/2017,62.64,62.76,63.08,62.54,2038
01/06/2017,62.84,62.3,63.15,62.04,1992
01/05/2017,62.3,62.19,62.66,62.03,2488
01/04/2017,62.3,62.48,62.75,62.12,2134
01/03/2017,62.58,62.79,62.84,62.12,2069
12/30/2016,62.14,62.96,62.99,62.03,2558
12/29/2016,62.9,62.86,63.2,62.73,1025
12/28/2016,62.99,63.4,63.4,62.83,1465
12/27/2016,63.28,63.21,64.07,63.21,1176
12/23/2016,63.24,63.45,63.54,62.8,124
12/22/2016,63.55,63.84,64.1,63.41,2218
12/21/2016,63.54,63.43,63.7,63.12,171
12/20/2016,63.54,63.69,63.8,63.02,2603
12/19/2016,63.62,62.56,63.77,62.42,3434
12/16/2016,62.3,62.95,62.95,62.12,4245
12/15/2016,62.58,62.7,63.15,62.3,2767
12/14/2016,62.68,63,63.45,62.53,3035
12/13/2016,62.98,62.5,63.42,62.24,3572
12/12/2016,62.17,61.82,62.3,61.72,202
12/09/2016,61.97,61.18,61.99,61.12,2735
12/08/2016,61.01,61.3,61.58,60.84,2122
12/07/2016,61.37,60.01,61.38,59.8,3081
12/06/2016,59.95,60.43,60.46,59.8,1991
12/05/2016,60.22,59.7,60.59,59.56,2355
12/02/2016,59.25,59.08,59.47,58.8,2552
12/01/2016,59.2,60.11,60.15,58.94,3454
11/30/2016,60.26,60.86,61.18,60.22,3466
11/29/2016,61.09,60.65,61.41,60.52,2237
11/28/2016,60.61,60.34,61.02,60.21,2073
11/25/2016,60.53,60.3,60.53,60.13,841
11/23/2016,60.4,61.01,61.1,60.25,2185
11/22/2016,61.12,60.98,61.26,60.8,2321
11/21/2016,60.86,60.5,60.97,60.42,1965
11/18/2016,60.35,60.78,61.14,60.3,2769
11/17/2016,60.64,60.41,60.95,59.97,3213
11/16/2016,59.65,58.94,59.66,58.81,2733
11/15/2016,58.87,58.33,59.49,58.31,359
11/14/2016,58.12,59.02,59.08,57.28,4133
11/11/2016,59.02,58.23,59.12,58.01,3877
11/10/2016,58.7,60.48,60.49,57.63,5782
11/09/2016,60.17,60,60.59,59.2,4963
11/08/2016,60.47,60.55,60.78,60.15,2294
11/07/2016,60.42,59.78,60.52,59.78,3166
11/04/2016,58.71,58.65,59.28,58.52,287
11/03/2016,59.21,59.53,59.64,59.11,216
11/02/2016,59.43,59.82,59.93,59.3,2215
11/01/2016,59.8,59.97,60.02,59.25,2453
10/31/2016,59.92,60.16,60.42,59.92,2643
10/28/2016,59.87,60.01,60.52,59.58,3357
10/27/2016,60.1,60.61,60.83,60.09,2848
10/26/2016,60.63,60.81,61.2,60.47,2991
10/25/2016,60.99,60.85,61.37,60.8,3514
10/24/2016,61,59.94,61,59.93,5407
10/21/2016,59.66,60.28,60.45,59.48,8003
10/20/2016,57.25,57.5,57.52,56.66,4946
10/19/2016,57.53,57.47,57.84,57.4,2288
10/18/2016,57.66,57.53,57.95,57.41,1915
10/17/2016,57.22,57.36,57.46,56.87,2383
10/14/2016,57.42,57.12,57.74,57.12,274
10/13/2016,56.92,56.7,57.3,56.31,2531
10/12/2016,57.11,57.11,57.27,56.4,2218
10/11/2016,57.19,57.89,58.02,56.89,265
10/10/2016,58.04,57.91,58.39,57.87,182
10/07/2016,57.8,57.85,57.98,57.42,2009
10/06/2016,57.74,57.74,57.86,57.28,1621
10/05/2016,57.64,57.29,57.96,57.26,1673
10/04/2016,57.24,57.27,57.59,56.97,2009
10/03/2016,57.42,57.41,57.55,57.06,1919
09/30/2016,57.6,57.57,57.77,57.34,2991
09/29/2016,57.4,57.81,58.17,57.21,2546
09/28/2016,58.03,57.88,58.06,57.67,2054
09/27/2016,57.95,56.93,58.06,56.68,2807
09/26/2016,56.9,57.08,57.14,56.83,2169
09/23/2016,57.43,57.87,57.91,57.38,1996
09/22/2016,57.82,57.92,58,57.63,1982
09/21/2016,57.76,57.51,57.85,57.08,3371
09/20/2016,56.81,57.35,57.35,56.75,1738
09/19/2016,56.93,57.27,57.75,56.85,2094
09/16/2016,57.25,57.63,57.63,56.75,4461
09/15/2016,57.19,56.15,57.35,55.98,2706
09/14/2016,56.26,56.39,56.63,56.03,2427
09/13/2016,56.53,56.5,56.65,56.05,3013
09/12/2016,57.05,56,57.2,55.61,293
09/09/2016,56.21,56.79,57.52,56.21,3511
09/08/2016,57.43,57.63,57.79,57.18,2015
09/07/2016,57.66,57.47,57.84,57.41,1749
09/06/2016,57.61,57.78,57.8,57.21,1628
09/02/2016,57.67,57.67,58.19,57.42,189
09/01/2016,57.59,57.01,57.82,57.01,2608
08/31/2016,57.46,57.65,57.8,57.3,2086
08/30/2016,57.89,57.98,58.19,57.61,1693
08/29/2016,58.1,58.18,58.6,58.1,1642
08/26/2016,58.03,58.28,58.7,57.69,2097
08/25/2016,58.17,57.88,58.29,57.78,1855
08/24/2016,57.95,57.8,58.04,57.72,1815
08/23/2016,57.89,57.9,58.18,57.85,1873
08/22/2016,57.67,57.6,57.75,57.26,1522
08/19/2016,57.62,57.43,57.73,57.2,1727
08/18/2016,57.6,57.42,57.7,57.27,1421
08/17/2016,57.56,57.54,57.68,57.23,1886
08/16/2016,57.44,57.61,57.62,57.27,2052
08/15/2016,58.12,58.01,58.5,57.96,1928
08/12/2016,57.94,58.03,58.19,57.62,2166
08/11/2016,58.3,58.03,58.45,58.03,1816
08/10/2016,58.02,58.16,58.32,57.82,1576
08/09/2016,58.2,58.17,58.5,58.02,1692
08/08/2016,58.06,58.05,58.09,57.78,1947
08/05/2016,57.96,57.65,58.21,57.45,2934
08/04/2016,57.39,56.8,57.52,56.67,2659
08/03/2016,56.97,56.68,57.11,56.49,2208
08/02/2016,56.58,56.85,56.9,56.31,3512
08/01/2016,56.58,56.6,56.75,56.14,26
07/29/2016,56.68,56.26,56.76,56.05,3056
07/28/2016,56.21,56,56.37,55.72,3755
07/27/2016,56.19,56.61,56.8,56.11,3233
07/26/2016,56.76,56.52,57.29,56.51,2808
07/25/2016,56.73,56.47,56.74,56.26,2561
07/22/2016,56.57,56.08,56.63,55.78,3216
07/21/2016,55.8,55.98,56.23,55.76,3278
07/20/2016,55.91,56.15,56.84,55.53,8989
07/19/2016,53.09,53.71,53.9,52.93,5334
07/18/2016,53.96,53.7,54.34,53.55,3143
07/15/2016,53.7,53.95,54,53.21,3202
07/14/2016,53.74,53.84,53.99,53.58,2455
07/13/2016,53.51,53.56,53.86,53.18,2536
07/12/2016,53.21,52.94,53.4,52.78,2732
07/11/2016,52.59,52.5,52.83,52.47,2227
07/08/2016,52.3,51.73,52.36,51.55,2839
07/07/2016,51.38,51.42,51.61,51.07,1959
07/06/2016,51.38,50.78,51.54,50.39,2817
07/05/2016,51.17,50.83,51.28,50.74,2481
07/01/2016,51.16,51.13,51.72,51.07,214
06/30/2016,51.17,50.72,51.3,50.5,2853
06/29/2016,50.54,49.91,50.72,49.8,313
06/28/2016,49.44,48.92,49.47,48.67,3814
06/27/2016,48.43,49.1,49.15,48.03,5058
06/24/2016,49.83,49.81,50.94,49.52,1335
06/23/2016,51.91,51.28,52.06,51.15,2903
06/22/2016,50.99,51.08,51.46,50.95,2882
06/21/2016,51.19,50.2,51.43,50.16,341
06/20/2016,50.07,50.64,50.83,50.03,3561
06/17/2016,50.13,50.41,50.43,49.82,4571
06/16/2016,50.39,49.52,50.47,49.51,3119
06/15/2016,49.69,49.78,50.12,49.69,3376
06/14/2016,49.83,49.9,50.1,49.57,4258
06/13/2016,50.14,49.58,50.72,49.06,8322
06/10/2016,51.48,51.05,52.05,51.04,2583
06/09/2016,51.62,52,52,51.49,2031
06/08/2016,52.04,52.02,52.44,51.87,2115
06/07/2016,52.1,52.24,52.73,52.1,2087
06/06/2016,52.13,51.99,52.35,51.89,1824
06/03/2016,51.79,52.38,52.42,51.6,2337
06/02/2016,52.48,52.64,52.74,51.84,2284
06/01/2016,52.85,52.44,52.95,52.44,2532
05/31/2016,53,52.26,53,52.08,3765
05/27/2016,52.32,51.92,52.32,51.77,1772
05/26/2016,51.89,51.93,51.98,51.36,2434
05/25/2016,52.12,51.92,52.49,51.79,242
05/24/2016,51.59,50.7,51.71,50.4,3476
05/23/2016,50.03,50.6,50.68,49.98,2612
05/20/2016,50.62,50.48,51.22,50.4,2391
05/19/2016,50.32,50.47,50.62,49.82,2384
05/18/2016,50.81,50.48,51.14,50.3,2491
05/17/2016,50.51,51.72,51.73,50.36,278
05/16/2016,51.83,50.8,51.96,50.75,2003
05/13/2016,51.08,51.44,51.9,51.04,2259
05/12/2016,51.51,51.2,51.81,50.92,241
05/11/2016,51.05,51.13,51.78,51,2404
05/10/2016,51.02,50.33,51.1,50.19,2289
05/09/2016,50.07,50.49,50.59,50,1795
05/06/2016,50.39,49.92,50.39,49.66,2479
05/05/2016,49.94,49.87,50.3,49.73,2539
05/04/2016,49.87,49.84,50.06,49.46,2426
05/03/2016,49.78,50.34,50.41,49.6,2646
05/02/2016,50.61,50,50.75,49.78,3311
04/29/2016,49.87,49.35,50.25,49.35,4841
04/28/2016,49.9,50.62,50.77,49.56,4313
04/27/2016,50.94,51.48,51.5,50.55,4337
04/26/2016,51.44,52.26,52.35,51.09,3353
04/25/2016,52.11,51.78,52.13,51.63,3323
04/22/2016,51.78,51.91,52.43,50.77,12683
04/21/2016,55.78,55.8,56.23,55.41,3891
04/20/2016,55.59,56.29,56.5,55.48,362
04/19/2016,56.39,56.63,56.77,55.68,296
04/18/2016,56.46,55.49,56.59,55.21,2379
04/15/2016,55.65,55.3,55.92,55.11,2879
04/14/2016,55.36,55.22,55.58,55.07,2088
04/13/2016,55.35,55.12,55.44,54.89,2082
04/12/2016,54.65,54.37,54.78,53.76,2494
04/11/2016,54.31,54.49,55.15,54.3,2141
04/08/2016,54.42,54.67,55.28,54.32,2217
04/07/2016,54.46,54.87,54.91,54.23,1923
04/06/2016,55.12,54.36,55.2,54.21,2119
04/05/2016,54.56,55.19,55.3,54.46,1927
04/04/2016,55.43,55.43,55.66,55,1893
04/01/2016,55.57,55.05,55.61,54.57,244
03/31/2016,55.23,54.95,55.59,54.86,2636
03/30/2016,55.05,54.93,55.64,54.9,2301
03/29/2016,54.71,53.66,54.86,53.45,2392
03/28/2016,53.54,54.21,54.29,53.33,1703
03/24/2016,54.21,53.84,54.33,53.73,1995
03/23/2016,53.97,54.11,54.24,53.74,2013
03/22/2016,54.07,53.61,54.25,53.46,2312
03/21/2016,53.86,53.25,53.93,52.93,2393
03/18/2016,53.49,54.92,54.97,53.45,6763
03/17/2016,54.66,54.21,55,54,2822
03/16/2016,54.35,53.45,54.6,53.4,3169
03/15/2016,53.59,52.75,53.59,52.74,211
03/14/2016,53.17,52.71,53.59,52.63,2408
03/11/2016,53.07,53,53.07,52.38,3228
03/10/2016,52.05,52.93,52.94,51.16,3839
03/09/2016,52.84,51.89,52.85,51.85,2825
03/08/2016,51.65,50.8,52.13,50.59,3384
03/07/2016,51.03,51.56,51.8,50.58,3843
03/04/2016,52.03,52.4,52.45,51.71,3303
03/03/2016,52.35,52.97,52.97,51.78,2443
03/02/2016,52.95,52.41,52.96,52.16,2929
03/01/2016,52.58,50.97,52.59,50.92,3302
02/29/2016,50.88,51.35,51.65,50.66,3165
02/27/2016,51.33,51.34,51.34,51.33,31
02/26/2016,51.3,52.6,52.68,51.1,3598
02/25/2016,52.1,51.73,52.1,50.61,2694
02/24/2016,51.36,50.69,51.5,50.2,3301
02/23/2016,51.18,52.34,52.37,50.98,289
02/22/2016,52.65,52.28,53,52.28,2501
02/19/2016,51.82,51.97,52.28,51.53,3356
02/18/2016,52.19,52.33,52.95,52.1,2718
02/17/2016,52.42,51.49,52.77,51.45,4079
02/16/2016,51.09,50.9,51.09,50.13,3729
02/12/2016,50.5,50.25,50.68,49.75,3424
02/11/2016,49.69,48.68,50.11,48.51,4888
02/10/2016,49.71,49.89,50.39,49.52,3824
02/09/2016,49.28,49.02,50.24,48.67,4674
02/08/2016,49.41,49.55,49.57,48.19,5929
02/05/2016,50.16,51.94,52,49.56,6201
02/04/2016,52,52.1,52.81,51.37,4699
02/03/2016,52.16,53.25,53.39,51.26,5756
02/02/2016,53,54.17,54.26,52.65,5631
02/01/2016,54.71,54.88,55.09,54.49,4421
01/29/2016,55.09,54.73,55.09,54,8361
01/28/2016,52.05,51.86,52.21,51.25,6251
01/27/2016,51.22,52.01,52.2,51.02,3678
01/26/2016,52.17,51.79,52.44,51.55,289
01/25/2016,51.79,51.94,52.65,51.65,3471
01/22/2016,52.29,51.41,52.33,51.26,3756
01/21/2016,50.48,51,51.58,50.3,4019
01/20/2016,50.79,49.98,51.38,49.1,6327
01/19/2016,50.56,51.48,51.68,50.06,4356
01/15/2016,50.99,51.31,51.97,50.34,7182
01/14/2016,53.11,52,53.42,51.57,5238
01/13/2016,51.64,53.8,54.07,51.3,6688
01/12/2016,52.78,52.76,53.1,52.06,361
01/11/2016,52.3,52.51,52.85,51.46,3694
01/08/2016,52.33,52.37,53.28,52.15,4875
01/07/2016,52.17,52.7,53.48,52.07,5656
01/06/2016,54.05,54.32,54.4,53.64,3952
01/05/2016,55.05,54.93,55.39,54.54,3408
01/04/2016,54.8,54.32,54.8,53.39,5378
12/31/2015,55.48,56.04,56.19,55.42,2733
12/30/2015,56.31,56.47,56.78,56.29,217
12/29/2015,56.55,56.29,56.85,56.06,2773
12/28/2015,55.95,55.35,55.95,54.98,2246
12/24/2015,55.67,55.86,55.96,55.43,957
12/23/2015,55.82,55.7,55.88,55.44,2728
12/22/2015,55.35,54.99,55.48,54.5,2832
12/21/2015,54.83,54.88,55.35,54.23,3725
12/18/2015,54.13,55.77,56,54.03,8468
12/17/2015,55.7,56.36,56.79,55.53,4128
12/16/2015,56.13,55.54,56.24,54.76,375
12/15/2015,55.2,55.66,55.9,55.09,3984
12/14/2015,55.14,54.33,55.21,53.68,4701
12/11/2015,54.06,54.71,55.1,54.01,3955
12/10/2015,55.27,55.39,55.66,55.01,3178
12/09/2015,54.98,55.37,55.87,54.51,3637
12/08/2015,55.79,55.47,56.1,54.99,3288
12/07/2015,55.81,55.79,55.97,55.29,3071
12/04/2015,55.91,54.12,56.23,54.1,4396
12/03/2015,54.2,55.49,55.77,53.93,3863
12/02/2015,55.21,55.32,55.96,55.06,4727
12/01/2015,55.22,54.41,55.23,54.3,3995
11/30/2015,54.35,54.54,54.96,54,5624
11/27/2015,53.93,53.8,54.08,53.79,901
11/25/2015,53.69,54.09,54.23,53.69,2101
11/24/2015,54.25,53.92,54.44,53.58,246
11/23/2015,54.19,54.25,54.46,53.75,2824
11/20/2015,54.19,54.25,54.3,53.27,3715
11/19/2015,53.94,53.99,54.66,53.78,2815
11/18/2015,53.85,53,53.98,52.98,2971
11/17/2015,52.97,53.17,53.53,52.85,3155
11/16/2015,53.77,53.08,53.89,52.85,3217
11/13/2015,52.84,53.07,53.29,52.53,3685
11/12/2015,53.32,53.48,53.98,53.19,3536
11/11/2015,53.65,53.7,54.2,53.46,3652
11/10/2015,53.51,54.07,54.13,53.27,5528
11/09/2015,54.16,54.55,54.87,53.56,3251
11/06/2015,54.92,54.09,54.98,53.96,3285
11/05/2015,54.38,54.49,54.7,54,3147
11/04/2015,54.4,54.18,54.88,54.06,3709
11/03/2015,54.15,52.93,54.39,52.9,366
11/02/2015,53.24,52.85,53.36,52.62,3028
10/30/2015,52.64,53.32,53.99,52.62,4662
10/29/2015,53.36,53.54,53.83,53.22,302
10/28/2015,53.98,53.54,53.98,52.86,47
10/27/2015,53.69,53.99,54.37,53.58,51
10/26/2015,54.25,52.53,54.32,52.5,6463
10/23/2015,52.87,52.3,54.07,52.25,13523
10/22/2015,48.03,47.53,48.95,47.09,5664
10/21/2015,47.2,47.92,47.99,47.11,2526
10/20/2015,47.77,47.44,47.81,47.02,308
10/19/2015,47.62,47.42,47.88,47.02,2939
10/16/2015,47.51,47.02,47.54,46.9,2645
10/15/2015,47.01,47.01,47.03,46.53,2719
10/14/2015,46.68,46.65,47.1,46.53,247
10/13/2015,46.89,46.56,47.13,46.56,1999
10/12/2015,47,46.98,47.07,46.5,1977
10/09/2015,47.11,47.45,47.54,46.92,286
10/08/2015,47.45,46.56,47.52,46.5,3377
10/07/2015,46.8,47.1,47.35,45.95,2771
10/06/2015,46.75,46.33,47.17,46.22,2751
10/05/2015,46.63,45.74,46.89,45.7,3437
10/02/2015,45.57,44.27,45.57,43.92,4184
10/01/2015,44.61,44.75,44.75,43.75,2866
09/30/2015,44.26,43.88,44.3,43.66,3496
09/29/2015,43.44,43.37,43.57,43.05,3276
09/28/2015,43.29,43.83,44.09,43.2,2761
09/25/2015,43.94,44.48,44.73,43.76,2938
09/24/2015,43.91,43.45,44.13,43.27,2791
09/23/2015,43.87,43.93,44.17,43.51,1715
09/22/2015,43.9,43.38,44.05,43.31,2809
09/21/2015,44.11,43.62,44.47,43.6,2618
09/18/2015,43.48,43.5,43.99,43.33,6314
09/17/2015,44.25,44.29,45,44.08,3277
09/16/2015,44.3,43.97,44.38,43.84,2337
09/15/2015,43.98,43.19,44.29,43.08,2888
09/14/2015,43.04,43.43,43.44,42.86,2366
09/11/2015,43.48,43.14,43.59,42.94,2713
09/10/2015,43.29,43.12,43.79,42.74,3137
09/09/2015,43.07,44.21,44.4,42.91,3347
09/08/2015,43.89,43.3,44,43.2,3247
09/04/2015,42.61,42.81,43.04,42.2,3714
09/03/2015,43.5,43.41,43.98,43.28,2829
09/02/2015,43.36,42.36,43.38,41.88,3767
09/01/2015,41.82,42.17,42.59,41.66,4969
08/31/2015,43.52,43.56,43.93,43.1,3444
08/28/2015,43.93,43.4,44.15,43.39,2825
08/27/2015,43.9,43.23,43.95,42.92,5094
08/26/2015,42.71,42.01,42.84,41.06,6341
08/25/2015,40.47,42.56,43.24,40.39,7062
08/24/2015,41.68,40.45,43.31,39.72,8875
08/21/2015,43.07,45.3,45.48,43.07,7005
08/20/2015,45.66,46.07,46.47,45.66,3624
08/19/2015,46.61,46.78,47.08,46.3,3149
08/18/2015,47.27,46.84,47.43,46.7,2357
08/17/2015,47.32,46.81,47.45,46.57,211
08/14/2015,47,46.53,47.1,46.52,2147
08/13/2015,46.73,47.06,47.1,46.49,2263
08/12/2015,46.74,46.19,46.9,45.7,302
08/11/2015,46.41,46.82,46.94,45.9,2924
08/10/2015,47.33,46.95,47.49,46.84,2308
08/07/2015,46.74,46.39,46.78,46.26,1916
08/06/2015,46.62,47.71,47.77,46.33,2737
08/05/2015,47.58,47.98,48.41,47.54,2696
08/04/2015,47.54,46.75,47.71,46.68,334
08/03/2015,46.81,46.98,47,46.45,2413
07/31/2015,46.7,47.29,47.37,46.5,312
07/30/2015,46.88,46.26,47.4,45.93,3978
07/29/2015,46.29,45.4,46.78,45.26,4095
07/28/2015,45.34,45.58,45.64,44.79,3433
07/27/2015,45.35,45.94,46.01,45.25,397
07/24/2015,45.94,45.91,46.32,45.8,3233
07/23/2015,46.11,45.27,46.23,45.1,3393
07/22/2015,45.54,45.44,46.93,45.2,5915
07/21/2015,47.28,46.78,47.33,46.48,4278
07/20/2015,46.92,46.65,47.13,46.44,3063
07/17/2015,46.62,46.55,46.78,46.26,2947
07/16/2015,46.66,46.01,46.69,45.97,2627
07/15/2015,45.76,45.68,45.89,45.43,2663
07/14/2015,45.62,45.45,45.96,45.31,2288
07/13/2015,45.54,44.98,45.62,44.95,2818
07/10/2015,44.61,45.01,45.14,44.57,2547
07/09/2015,44.52,44.75,45.22,44.5,3242
07/08/2015,44.24,44.44,44.9,44.03,3979
07/07/2015,44.3,44.34,44.49,43.32,3644
07/06/2015,44.39,43.96,44.48,43.95,2303
07/02/2015,44.4,44.48,44.75,44.06,2175
07/01/2015,44.45,44.46,45.23,44.1,2834
06/30/2015,44.15,44.71,44.72,43.94,3595
06/29/2015,44.37,45.04,45.23,44.36,3408
06/26/2015,45.26,45.65,46.28,45.03,4984
06/25/2015,45.65,46.03,46.06,45.5,2062
06/24/2015,45.63,45.67,46.24,45.55,3489
06/23/2015,45.91,46.13,46.28,45.62,259
06/22/2015,46.23,46.33,46.72,46.16,2032
06/19/2015,46.1,46.79,46.83,45.99,6384
06/18/2015,46.72,46.22,46.8,46.17,3266
06/17/2015,45.97,45.73,46.07,45.36,287
06/16/2015,45.83,45.35,46.24,45.3,2707
06/15/2015,45.48,45.45,45.65,45.02,3325
06/12/2015,45.97,46.22,46.47,45.9,2393
06/11/2015,46.44,46.66,46.92,46.13,2735
06/10/2015,46.61,45.79,46.83,45.69,2842
06/09/2015,45.65,45.76,45.94,45.46,2441
06/08/2015,45.73,46.3,46.43,45.67,2212
06/05/2015,46.14,46.31,46.52,45.84,2544
06/04/2015,46.36,46.79,47.16,46.2,2775
06/03/2015,46.85,47.37,47.73,46.82,28
06/02/2015,46.92,46.93,47.35,46.62,215
06/01/2015,47.23,47.06,47.77,46.62,2884
05/29/2015,46.86,47.43,47.57,46.59,3652
05/28/2015,47.45,47.5,48.02,47.39,1928
05/27/2015,47.61,46.82,47.77,46.62,2734
05/26/2015,46.59,46.83,46.88,46.19,2958
05/22/2015,46.9,47.3,47.35,46.82,2572
05/21/2015,47.42,47.28,47.6,47.01,2241
05/20/2015,47.58,47.39,47.93,47.27,2505
05/19/2015,47.58,47.56,47.81,47.18,2857
05/18/2015,48.01,47.98,48.22,47.61,2414
05/15/2015,48.3,48.87,48.91,48.05,2864
05/14/2015,48.72,48.03,48.82,48.03,3298
05/13/2015,47.62,48.19,48.32,47.57,3418
05/12/2015,47.35,46.85,47.68,46.42,2993
05/11/2015,47.37,47.55,47.91,47.37,2461
05/08/2015,47.75,47.55,47.98,47.52,3536
05/07/2015,46.7,46.27,47.09,46.16,3297
05/06/2015,46.28,47.57,47.77,46.02,5243
05/05/2015,47.6,47.82,48.16,47.31,5037
05/04/2015,48.24,48.37,48.87,48.18,3404
05/01/2015,48.66,48.58,48.88,48.4,3894
04/30/2015,48.64,48.7,49.54,48.6,6473
04/29/2015,49.06,48.72,49.31,48.5,478
04/28/2015,49.16,47.78,49.21,47.7,6073
04/27/2015,48.03,47.23,48.13,47.22,5925
04/24/2015,47.87,45.66,48.14,45.65,13093
04/23/2015,43.34,42.89,43.61,42.8,4631
04/22/2015,42.98,42.67,43.13,42.55,2506
04/21/2015,42.63,43,43.15,42.53,2601
04/20/2015,42.91,41.73,43.17,41.68,4606
04/17/2015,41.62,41.67,41.74,41.16,4239
04/16/2015,42.16,41.95,42.34,41.82,2251
04/15/2015,42.26,41.76,42.46,41.68,2734
04/14/2015,41.65,41.8,42.03,41.39,2424
04/13/2015,41.76,41.4,42.06,41.39,3028
04/10/2015,41.72,41.63,41.95,41.41,2802
04/09/2015,41.48,41.25,41.62,41.25,2572
04/08/2015,41.42,41.46,41.69,41.04,2475
04/07/2015,41.53,41.61,41.91,41.31,2881
04/06/2015,41.55,40.34,41.78,40.18,3922
04/02/2015,40.29,40.66,40.74,40.12,3749
04/01/2015,40.72,40.6,40.76,40.31,3687
03/31/2015,40.66,40.78,41.03,40.54,3489
03/30/2015,40.96,41.1,41.54,40.91,3505
03/27/2015,40.97,41.12,41.43,40.83,344
03/26/2015,41.21,41.22,41.61,40.92,375
03/25/2015,41.46,42.92,42.92,41.44,4347
03/24/2015,42.9,42.78,43.17,42.75,2551
03/23/2015,42.85,42.88,43.13,42.78,2625
03/20/2015,42.88,42.56,42.98,42.49,719
03/19/2015,42.28,42.26,42.59,42.22,3388
03/18/2015,42.5,41.43,42.83,41.33,4419
03/17/2015,41.7,41.37,41.83,41.15,3167
03/16/2015,41.56,41.47,41.64,41.28,3527
03/13/2015,41.38,40.7,41.47,40.61,5801
03/12/2015,41.02,41.33,41.65,40.86,5999
03/11/2015,41.98,42.31,42.37,41.84,3222
03/10/2015,42.03,42.35,42.71,42.03,3916
03/09/2015,42.85,42.19,43.12,42.19,3211
03/06/2015,42.36,43,43.11,42.15,3625
03/05/2015,43.11,43.07,43.24,42.82,2319
03/04/2015,43.05,43.01,43.21,42.88,2575
03/03/2015,43.28,43.56,43.83,43.09,3175
03/02/2015,43.88,43.67,44.19,43.55,3192
02/27/2015,43.85,44.13,44.2,43.66,3381
02/26/2015,44.05,43.99,44.23,43.89,2896
02/25/2015,43.99,43.95,44.09,43.8,2976
02/24/2015,44.09,44.15,44.3,43.92,2527
02/23/2015,44.15,43.7,44.19,43.65,3252
02/20/2015,43.85,43.51,43.88,43.29,2972
02/19/2015,43.5,43.18,43.53,43.05,276
02/18/2015,43.53,43.63,43.7,43.39,2711
02/17/2015,43.58,43.97,44,43.19,337
02/13/2015,43.87,43.38,43.87,43.15,4026
02/12/2015,43.09,42.66,43.09,42.51,3327
02/11/2015,42.38,42.65,42.65,42.21,3826
02/10/2015,42.6,42.74,42.77,42.18,2967
02/09/2015,42.36,42.24,42.74,42.21,3138
02/06/2015,42.41,42.68,42.79,42.15,3462
02/05/2015,42.45,42.22,42.64,41.85,3655
02/04/2015,41.84,41.94,42.21,41.36,4161
02/03/2015,41.6,41.63,41.93,41.05,5208
02/02/2015,41.28,40.59,41.37,40.23,5035
01/30/2015,40.4,41.55,41.58,40.35,78
01/29/2015,42.01,40.93,42.12,40.79,6359
01/28/2015,41.19,42.74,42.79,41.16,8451
01/27/2015,42.66,42.95,43.2,42.1,16916
01/26/2015,47.01,47,47.13,46.24,4253
01/23/2015,47.18,47.36,47.39,46.8,2621
01/22/2015,47.13,46.38,47.13,46.08,359
01/21/2015,45.92,45.94,46.14,45.48,3908
01/20/2015,46.39,46.3,46.65,45.57,3616
01/16/2015,46.24,45.31,46.28,45.17,357
01/15/2015,45.48,46.22,46.38,45.41,3275
01/14/2015,45.95,45.96,46.24,45.62,2972
01/13/2015,46.35,46.97,47.91,46.06,3527
01/12/2015,46.6,47.42,47.54,46.36,2365
01/09/2015,47.19,47.61,47.82,46.9,2394
01/08/2015,47.59,46.75,47.75,46.72,2965
01/07/2015,46.23,45.98,46.46,45.49,2911
01/06/2015,45.65,46.38,46.75,45.54,3645
01/05/2015,46.33,46.37,46.73,46.25,3967
01/02/2015,46.76,46.66,47.42,46.54,2791
12/31/2014,46.45,46.73,47.44,46.45,2155
12/30/2014,47.02,47.44,47.62,46.84,1638
12/29/2014,47.45,47.7,47.78,47.26,1444
12/26/2014,47.88,48.41,48.41,47.82,132
12/24/2014,48.14,48.64,48.64,48.08,1144
12/23/2014,48.45,48.37,48.8,48.13,2366
12/22/2014,47.98,47.78,48.12,47.71,2657
12/19/2014,47.66,47.63,48.1,47.17,6455
12/18/2014,47.52,46.58,47.52,46.34,4011
12/17/2014,45.74,45.05,45.95,44.9,3497
12/16/2014,45.16,45.9,46.34,45.13,478
12/15/2014,46.67,47.2,47.67,46.55,2925
12/12/2014,46.95,46.78,47.73,46.67,3425
12/11/2014,47.17,47.08,47.74,46.68,2906
12/10/2014,46.9,47.58,47.66,46.7,3043
12/09/2014,47.59,47.11,47.92,47.05,2433
12/08/2014,47.7,48.26,48.35,47.45,2666
12/05/2014,48.42,48.82,48.97,48.38,2731
12/04/2014,48.84,48.39,49.06,48.2,3035
12/03/2014,48.08,48.44,48.5,47.8,2353
12/02/2014,48.46,48.84,49.05,48.2,2577
12/01/2014,48.62,47.88,48.78,47.71,3119
11/28/2014,47.81,47.95,48.2,47.61,2153
11/26/2014,47.75,47.49,47.99,47.28,2716
11/25/2014,47.47,47.66,47.97,47.45,2801
11/24/2014,47.59,47.99,48,47.39,3543
11/21/2014,47.98,49.02,49.05,47.57,4288
11/20/2014,48.7,48,48.7,47.87,2151
11/19/2014,48.22,48.66,48.75,47.93,2618
11/18/2014,48.74,49.13,49.33,48.7,24
11/17/2014,49.46,49.41,49.7,49.14,3032
11/14/2014,49.58,49.74,50.05,49.39,2908
11/13/2014,49.61,48.81,49.65,48.7,2621
11/12/2014,48.78,48.56,48.92,48.52,2272
11/11/2014,48.87,48.85,48.95,48.65,2345
11/10/2014,48.89,48.65,49.15,48.55,3637
11/07/2014,48.68,48.92,48.92,48.29,28
11/06/2014,48.7,47.86,48.86,47.79,3304
11/05/2014,47.86,47.8,47.9,47.26,2245
11/04/2014,47.57,47.3,47.73,47.25,2153
11/03/2014,47.44,46.89,47.46,46.73,2313
10/31/2014,46.95,46.94,46.97,46.48,3585
10/30/2014,46.05,46.32,46.32,45.77,3007
10/29/2014,46.62,46.44,46.7,46.34,3028
10/28/2014,46.49,45.86,46.5,45.77,2905
10/27/2014,45.91,45.71,46.1,45.71,3037
10/24/2014,46.13,46.83,46.9,45.18,6108
10/23/2014,45.02,44.62,45.45,44.53,4545
10/22/2014,44.38,45,45.07,44.23,3358
10/21/2014,44.88,44.36,44.98,44.19,3643
10/20/2014,44.08,43.06,44.14,42.81,3453
10/17/2014,43.63,43.2,43.94,42.79,4068
10/16/2014,42.74,42.53,43.08,42.22,4904
10/15/2014,43.22,43,43.39,42.1,6022
10/14/2014,43.73,43.87,44.38,43.56,3812
10/13/2014,43.65,43.82,44.56,43.49,371
10/10/2014,44.03,45.6,46.12,43.95,5198
10/09/2014,45.85,46.5,46.8,45.74,3443
10/08/2014,46.78,45.48,46.89,45.34,3303
10/07/2014,45.53,45.86,45.93,45.42,2572
10/06/2014,46.09,46.12,46.3,45.92,206
10/03/2014,46.09,45.98,46.3,45.61,3245
10/02/2014,45.76,45.83,46.1,45.64,2512
10/01/2014,45.9,46.27,46.53,45.84,3809
09/30/2014,46.36,46.37,46.48,46.01,3303
09/29/2014,46.44,45.98,46.56,45.76,2609
09/26/2014,46.41,45.93,46.62,45.76,2708
09/25/2014,46.04,46.88,47.09,46.03,3308
09/24/2014,47.08,46.63,47.11,46.34,2658
09/23/2014,46.56,46.85,46.98,46.47,3343
09/22/2014,47.06,47.3,47.38,46.98,3869
09/19/2014,47.52,46.81,47.57,46.6,20253
09/18/2014,46.68,46.59,46.83,46.46,3556
09/17/2014,46.52,46.26,46.69,46.23,3831
09/16/2014,46.76,46.39,46.85,46.29,2791
09/15/2014,46.24,46.54,46.71,46.1,3767
09/12/2014,46.7,46.91,47.02,46.6,3825
09/11/2014,47,46.74,47,46.47,2922
09/10/2014,46.84,46.82,46.94,46.28,273
09/09/2014,46.76,46.47,46.97,46.42,403
09/08/2014,46.47,46.02,46.8,45.99,4574
09/05/2014,45.91,45.11,45.93,45.11,3694
09/04/2014,45.26,44.74,45.27,44.72,2648
09/03/2014,44.96,44.53,45.11,44.53,3369
09/02/2014,45.09,45.43,45.46,44.85,2298
08/29/2014,45.43,45.09,45.44,44.85,2161
08/28/2014,44.88,44.75,44.98,44.61,1766
08/27/2014,44.87,44.9,45,44.76,2129
08/26/2014,45.01,45.31,45.4,44.94,1488
08/25/2014,45.17,45.4,45.44,45.04,1691
08/22/2014,45.15,45.35,45.47,45.07,1829
08/21/2014,45.22,44.84,45.25,44.83,2229
08/20/2014,44.95,45.34,45.4,44.9,2477
08/19/2014,45.33,44.97,45.34,44.83,2814
08/18/2014,45.11,44.94,45.11,44.68,269
08/15/2014,44.79,44.58,44.9,44.4,4161
08/14/2014,44.27,44.08,44.42,44.01,1931
08/13/2014,44.08,43.68,44.18,43.52,2289
08/12/2014,43.52,43.04,43.59,43,2143
08/11/2014,43.2,43.26,43.45,43.02,2035
08/08/2014,43.2,43.23,43.31,42.91,2894
08/07/2014,43.23,42.84,43.45,42.65,3032
08/06/2014,42.74,42.74,43.17,42.21,2463
08/05/2014,43.08,43.31,43.46,42.83,2627
08/04/2014,43.37,42.97,43.47,42.81,3428
08/01/2014,42.86,43.21,43.25,42.6,3117
07/31/2014,43.16,43.38,43.69,43.08,3154
07/30/2014,43.58,44.07,44.1,43.29,3193
07/29/2014,43.88,43.91,44.09,43.64,2776
07/28/2014,43.97,44.36,44.51,43.93,2969
07/25/2014,44.5,44.3,44.66,44.3,2674
07/24/2014,44.4,44.93,45,44.32,3073
07/23/2014,44.87,45.45,45.45,44.62,5236
07/22/2014,44.83,45,45.15,44.59,431
07/21/2014,44.84,44.56,45.16,44.22,376
07/18/2014,44.69,44.65,44.84,44.25,4341
07/17/2014,44.53,45.45,45.71,44.25,8218
07/16/2014,44.08,42.51,44.31,42.48,6332
07/15/2014,42.45,42.33,42.47,42.03,2876
07/14/2014,42.14,42.22,42.45,42.04,2188
07/11/2014,42.09,41.7,42.09,41.48,2409
07/10/2014,41.69,41.37,42,41.05,2186
07/09/2014,41.67,41.98,41.99,41.53,1845
07/08/2014,41.78,41.87,42,41.61,3122
07/07/2014,41.99,41.75,42.12,41.71,2195
07/03/2014,41.8,41.91,41.99,41.56,1597
07/02/2014,41.9,41.73,41.9,41.53,2021
07/01/2014,41.87,41.86,42.15,41.69,2692
06/30/2014,41.7,42.17,42.21,41.7,3081
06/27/2014,42.25,41.61,42.29,41.51,7464
06/26/2014,41.72,41.93,41.94,41.43,236
06/25/2014,42.03,41.7,42.05,41.46,2005
06/24/2014,41.74,41.83,41.94,41.56,2652
06/23/2014,41.99,41.73,42,41.69,1874
06/20/2014,41.68,41.45,41.83,41.38,4777
06/19/2014,41.51,41.57,41.77,41.33,1984
06/18/2014,41.65,41.6,41.74,41.18,271
06/17/2014,41.68,41.29,41.91,40.34,2252
06/16/2014,41.5,41.04,41.61,41.04,2421
06/13/2014,41.23,41.1,41.56,40.86,2631
06/12/2014,40.58,40.81,40.88,40.29,2982
06/11/2014,40.86,40.93,41.07,40.77,1804
06/10/2014,41.11,41.03,41.16,40.86,1512
06/09/2014,41.27,41.39,41.48,41.02,1502
06/06/2014,41.48,41.48,41.66,41.24,2406
06/05/2014,41.21,40.59,41.25,40.4,3187
06/04/2014,40.32,40.21,40.37,39.86,2321
06/03/2014,40.29,40.6,40.68,40.25,1807
06/02/2014,40.79,40.95,41.09,40.68,185
05/30/2014,40.94,40.45,40.97,40.25,3458
05/29/2014,40.34,40.15,40.35,39.91,1989
05/28/2014,40.01,40.14,40.19,39.82,2571
05/27/2014,40.19,40.26,40.26,39.81,2616
05/23/2014,40.12,40.37,40.37,40,1802
05/22/2014,40.1,40.29,40.35,39.85,202
05/21/2014,40.35,39.8,40.35,39.74,224
05/20/2014,39.68,39.68,39.94,39.46,2132
05/19/2014,39.75,39.61,39.82,39.46,2454
05/16/2014,39.83,39.67,39.84,39.27,2987
05/15/2014,39.6,40.09,40.4,39.51,3779
05/14/2014,40.24,40.3,40.45,40.05,1882
05/13/2014,40.42,39.92,40.5,39.85,27
05/12/2014,39.97,39.74,40.02,39.65,2279
05/09/2014,39.54,39.54,39.85,39.37,2965
05/08/2014,39.64,39.34,39.9,38.97,3212
05/07/2014,39.42,39.22,39.51,38.51,4175
05/06/2014,39.06,39.29,39.35,38.95,2711
05/05/2014,39.43,39.52,39.64,39.3,2246
05/02/2014,39.69,40.31,40.34,39.66,4342
05/01/2014,40,40.24,40.36,39.95,2879
04/30/2014,40.4,40.4,40.5,40.17,3546
04/29/2014,40.51,41.1,41.19,40.39,2964
04/28/2014,40.87,40.14,41.29,40.09,5061
04/25/2014,39.91,40.29,40.68,39.75,5688
04/24/2014,39.86,39.74,39.97,39.3,4238
04/23/2014,39.69,39.99,39.99,39.47,246
04/22/2014,39.99,39.96,40.14,39.83,2706
04/21/2014,39.94,40.13,40.15,39.79,2222
04/17/2014,40.01,40.01,40.2,39.51,3669
04/16/2014,40.4,40.06,40.41,39.91,3062
04/15/2014,39.75,39.34,39.96,39.05,3398
04/14/2014,39.18,39.11,39.41,38.9,3201
04/11/2014,39.21,39,39.79,39,3433
04/10/2014,39.36,40.44,40.69,39.09,4596
04/09/2014,40.47,39.93,40.55,39.88,274
04/08/2014,39.82,39.75,39.93,39.2,3592
04/07/2014,39.8,39.96,40.27,39.74,3756
04/04/2014,39.87,41.25,41.39,39.64,5141
04/03/2014,41.01,41.29,41.29,40.71,3014
04/02/2014,41.35,41.44,41.66,41.17,2867
04/01/2014,41.42,41.15,41.59,41.07,3261
03/31/2014,40.99,40.43,41.5,40.4,4689
03/28/2014,40.3,39.79,40.63,39.68,4347
03/27/2014,39.36,39.74,39.97,39.34,3537
03/26/2014,39.79,40.48,40.7,39.6,4198
03/25/2014,40.34,40.66,40.99,39.96,4319
03/24/2014,40.5,40.34,40.64,39.86,461
03/21/2014,40.16,40.72,40.94,40.01,8073
03/20/2014,40.33,39.25,40.65,39.24,5927
03/19/2014,39.27,39.47,39.55,38.91,356
03/18/2014,39.55,38.26,39.9,38.22,6406
03/17/2014,38.05,37.9,38.41,37.79,2048
03/14/2014,37.7,37.65,38.13,37.51,272
03/13/2014,37.89,38.42,38.45,37.64,3217
03/12/2014,38.27,37.8,38.43,37.79,305
03/11/2014,38.02,37.87,38.23,37.72,2522
03/10/2014,37.82,37.99,38.01,37.72,1901
03/07/2014,37.9,38.28,38.36,37.69,266
03/06/2014,38.15,38.14,38.24,37.89,2361
03/05/2014,38.11,38.25,38.27,37.93,2052
03/04/2014,38.41,38.2,38.48,38.07,2687
03/03/2014,37.78,37.92,38.13,37.49,2973
02/28/2014,38.31,37.98,38.46,37.82,4122
02/27/2014,37.86,37.45,37.89,37.23,3392
02/26/2014,37.47,37.58,37.74,37.19,4104
02/25/2014,37.54,37.61,37.85,37.35,3087
02/24/2014,37.69,37.69,37.98,37.54,3214
02/21/2014,37.98,37.94,38.35,37.86,3803
02/20/2014,37.75,37.57,37.87,37.4,2754
02/19/2014,37.51,37.22,37.75,37.21,2979
02/18/2014,37.42,37.63,37.78,37.41,3284
02/14/2014,37.62,37.39,37.78,37.33,4299
02/13/2014,37.61,37.33,37.86,37.33,3765
02/12/2014,37.47,37.35,37.6,37.3,2706
02/11/2014,37.17,36.88,37.26,36.86,3216
02/10/2014,36.8,36.63,36.8,36.29,2678
02/07/2014,36.56,36.32,36.59,36.01,3335
02/06/2014,36.18,35.8,36.25,35.69,3538
02/05/2014,35.82,36.29,36.47,35.8,5584
02/04/2014,36.35,36.97,37.19,36.25,5553
02/03/2014,36.48,37.74,37.98,36.43,641
01/31/2014,37.84,36.95,37.89,36.56,9319
01/30/2014,36.86,36.79,36.88,36.23,3511
01/29/2014,36.66,35.98,36.88,35.9,5279
01/28/2014,36.27,36.12,36.39,35.75,3623
01/27/2014,36.03,36.87,36.89,35.98,4449
01/24/2014,36.8,37.45,37.55,36.53,7705
01/23/2014,36.05,36.09,36.13,35.52,4452
01/22/2014,35.93,36.26,36.32,35.75,2197
01/21/2014,36.17,36.82,36.82,36.06,3158
01/17/2014,36.38,36.83,36.83,36.15,463
01/16/2014,36.89,36.69,37,36.31,3804
01/15/2014,36.76,35.9,36.79,35.85,4491
01/14/2014,35.78,34.73,35.88,34.63,4163
01/13/2014,34.98,35.99,36.02,34.83,4592
01/10/2014,36.04,35.9,36.15,35.75,4056
01/09/2014,35.53,35.88,35.91,35.4,3652
01/08/2014,35.76,36,36.14,35.58,5998
01/07/2014,36.41,36.33,36.49,36.21,3592
01/06/2014,36.13,36.85,36.89,36.11,4362
01/03/2014,36.91,37.2,37.22,36.6,3113
01/02/2014,37.16,37.35,37.4,37.1,3064
12/31/2013,37.41,37.4,37.58,37.22,1751
12/30/2013,37.29,37.22,37.38,36.9,1629
12/27/2013,37.29,37.58,37.62,37.17,1456
12/26/2013,37.44,37.2,37.49,37.17,1761
12/24/2013,37.08,36.72,37.17,36.64,1424
12/23/2013,36.62,36.81,36.89,36.55,2513
12/20/2013,36.8,36.2,36.93,36.19,6265
12/19/2013,36.25,36.51,36.55,36.08,3416
12/18/2013,36.58,36.36,36.6,35.53,6319
12/17/2013,36.52,36.94,37.11,36.33,4569
12/16/2013,36.88,36.73,37,36.54,3173
12/13/2013,36.69,37.42,37.45,36.62,4007
12/12/2013,37.22,37.64,37.64,37.18,3601
12/11/2013,37.61,38.06,38.3,37.39,3985
12/10/2013,38.11,38.61,38.9,38.02,3783
12/09/2013,38.7,38.56,38.87,38.37,3029
12/06/2013,38.36,38.42,38.55,37.99,3646
12/05/2013,38,38.85,38.88,37.18,11631
12/04/2013,38.94,38.21,38.98,38.12,5198
12/03/2013,38.31,38.14,38.49,38.08,5211
12/02/2013,38.45,38.09,38.78,38.06,4295
11/29/2013,38.13,37.82,38.29,37.82,2209
11/27/2013,37.6,37.57,37.76,37.49,26
11/26/2013,37.35,37.57,37.65,37.35,3447
11/25/2013,37.64,37.93,37.95,37.57,3065
11/22/2013,37.57,37.52,37.68,37.33,2798
11/21/2013,37.4,37.27,37.53,37.26,2306
11/20/2013,37.08,36.92,37.41,36.86,3223
11/19/2013,36.74,36.85,37.23,36.67,4427
11/18/2013,37.2,37.35,37.58,37.07,5328
11/15/2013,37.84,37.95,38.02,37.72,506
11/14/2013,38.02,37.87,38.13,37.72,4619
11/13/2013,38.16,36.98,38.16,36.9,4496
11/12/2013,37.36,37.38,37.59,37.2,3165
11/11/2013,37.59,37.69,37.77,37.35,2687
11/08/2013,37.78,37.67,37.78,37.34,3674
11/07/2013,37.5,37.96,38.01,37.43,6045
11/06/2013,38.18,37.24,38.22,37.06,8895
11/05/2013,36.64,35.79,36.71,35.77,5168
11/04/2013,35.94,35.59,35.98,35.55,2806
11/01/2013,35.52,35.67,35.69,35.39,4027
10/31/2013,35.41,35.66,35.69,35.34,4169
10/30/2013,35.54,35.53,35.79,35.43,37
10/29/2013,35.52,35.63,35.72,35.26,317
10/28/2013,35.57,35.61,35.73,35.27,3838
10/25/2013,35.73,35.88,36.29,35.47,11349
10/24/2013,33.72,33.82,34.1,33.57,5321
10/23/2013,33.76,34.35,34.49,33.67,586
10/22/2013,34.58,35.02,35.1,34.52,4044
10/21/2013,34.99,34.98,35.2,34.91,2744
10/18/2013,34.96,34.82,34.99,34.33,4181
10/17/2013,34.92,34.45,34.99,34.37,3136
10/16/2013,34.64,34.6,34.9,34.56,3511
10/15/2013,34.49,34.67,34.99,34.47,4711
10/14/2013,34.45,33.9,34.5,33.78,2776
10/11/2013,34.13,33.68,34.14,33.68,3003
10/10/2013,33.76,33.31,33.89,33.26,4288
10/09/2013,33.07,33.07,33.35,32.96,3588
10/08/2013,33.01,33.31,33.33,32.8,4102
10/07/2013,33.3,33.6,33.71,33.2,3507
10/04/2013,33.88,33.69,33.99,33.62,3301
10/03/2013,33.86,33.88,34,33.42,3871
10/02/2013,33.92,33.36,34.03,33.29,4695
10/01/2013,33.58,33.35,33.61,33.3,3672
09/30/2013,33.28,33,33.31,32.7,3984
09/27/2013,33.27,32.88,33.75,32.87,5535
09/26/2013,32.77,32.64,33,32.59,285
09/25/2013,32.51,32.49,32.8,32.4,2891
09/24/2013,32.45,32.87,32.87,32.15,4068
09/23/2013,32.74,32.54,32.97,32.5,3983
09/20/2013,32.79,33.41,33.48,32.69,1029
09/19/2013,33.64,33.48,33.68,33.32,4203
09/18/2013,33.32,32.99,33.4,32.83,641
09/17/2013,32.93,33.42,33.47,32.9,8472
09/16/2013,32.8,33.38,33.5,32.73,5502
09/13/2013,33.03,32.77,33.07,32.51,4091
09/12/2013,32.69,32.72,32.78,32.59,3287
09/11/2013,32.74,32.57,32.93,32.53,3909
09/10/2013,32.39,31.9,32.4,31.79,5689
09/09/2013,31.66,31.22,31.79,31.2,4963
09/06/2013,31.15,31.31,31.39,31.13,7544
09/05/2013,31.23,31.1,31.44,30.95,7164
09/04/2013,31.2,31.39,31.47,31.11,14232
09/03/2013,31.88,31.75,32.07,31.29,15451
08/30/2013,33.4,33.37,33.48,33.09,4278
08/29/2013,33.55,32.93,33.6,32.8,4528
08/28/2013,33.02,33.39,33.6,33,4426
08/27/2013,33.26,33.52,34.1,33.15,5852
08/26/2013,34.15,34.4,34.67,34.03,7279
08/23/2013,34.75,35.17,35.2,34,22549
08/22/2013,32.39,32.19,32.49,32.1,3117
08/21/2013,31.61,31.61,32.01,31.54,3741
08/20/2013,31.62,31.44,31.9,31.37,2298
08/19/2013,31.39,31.76,31.97,31.38,2791
08/16/2013,31.8,31.79,31.99,31.66,3287
08/15/2013,31.79,32,32.18,30.84,3334
08/14/2013,32.35,32.14,33.36,31.7,4853
08/13/2013,32.23,32.51,32.55,32.21,3947
08/12/2013,32.87,32.46,32.97,32.46,255
08/09/2013,32.7,32.77,32.9,32.47,268
08/08/2013,32.89,32.24,33.07,32.05,5904
08/07/2013,32.06,31.54,32.1,31.25,3808
08/06/2013,31.58,31.55,31.67,31.38,3633
08/05/2013,31.7,31.9,32,31.64,3099
08/02/2013,31.89,31.69,31.9,31.57,292
08/01/2013,31.67,32.06,32.09,31.6,4256
07/31/2013,31.84,31.97,32.05,31.71,439
07/30/2013,31.85,31.78,32.12,31.55,458
07/29/2013,31.54,31.47,31.6,31.4,2887
07/26/2013,31.62,31.26,31.62,31.2,3864
07/25/2013,31.39,31.62,31.65,31.25,6322
07/24/2013,31.96,32.03,32.19,31.89,5281
07/23/2013,31.82,31.91,32.04,31.71,6582
07/22/2013,32.01,31.7,32.01,31.6,7904
07/19/2013,31.4,32.4,32.67,31.02,24843
07/18/2013,35.44,35.72,35.89,35.22,4955
07/17/2013,35.74,36.34,36.39,35.49,3729
07/16/2013,36.27,36.01,36.43,35.96,3638
07/15/2013,36.17,35.66,36.22,35.58,3415
07/12/2013,35.67,35.58,35.73,35.28,355
07/11/2013,35.69,35,35.77,34.9,5364
07/10/2013,34.7,34.34,34.81,34.32,2966
07/09/2013,34.35,34.58,34.6,34.14,2532
07/08/2013,34.33,34.35,34.59,33.98,324
07/05/2013,34.21,34.09,34.24,33.58,2609
07/03/2013,34.01,33.66,34.37,33.6,1599
07/02/2013,33.94,34.41,34.44,33.63,3763
07/01/2013,34.36,34.75,34.99,34.33,3106
06/28/2013,34.55,34.38,34.79,34.34,6555
06/27/2013,34.62,34.52,34.78,34.5,2899
06/26/2013,34.35,34.12,34.48,33.89,4867
06/25/2013,33.67,34.08,34.38,33.46,4407
06/24/2013,33.72,32.94,34.2,32.57,5611
06/21/2013,33.27,33.66,33.73,33.05,8534
06/20/2013,33.49,34.26,34.33,33.37,545
06/19/2013,34.59,34.96,35.09,34.59,3082
06/18/2013,34.98,34.97,35.17,34.9,2862
06/17/2013,35,34.69,35.16,34.63,4967
06/14/2013,34.4,34.55,34.69,34.25,532
06/13/2013,34.72,34.99,35.02,34.59,4565
06/12/2013,35,35.14,35.27,34.85,3737
06/11/2013,34.84,35.05,35.18,34.68,3944
06/10/2013,35.47,35.51,35.65,35.14,36
06/07/2013,35.67,35.25,35.78,35.06,4076
06/06/2013,34.96,34.84,35.11,34.49,3763
06/05/2013,34.78,34.6,34.89,34.43,4603
06/04/2013,34.99,35.62,35.74,34.77,6554
06/03/2013,35.59,34.92,35.63,34.83,5126
05/31/2013,34.9,34.82,35.28,34.79,5617
05/30/2013,35.03,34.85,35.25,34.81,5113
05/29/2013,34.88,34.74,35.02,34.57,3842
05/28/2013,35.02,34.42,35.18,34.41,4822
05/24/2013,34.27,33.92,34.28,33.9,3318
05/23/2013,34.15,34.23,34.55,33.9,5111
05/22/2013,34.61,34.79,34.84,34.36,6605
05/21/2013,34.85,35.1,35.27,34.72,4871
05/20/2013,35.08,34.73,35.09,34.68,5403
05/17/2013,34.87,34.13,34.87,34.1,6067
05/16/2013,34.08,33.64,34.15,33.55,5938
05/15/2013,33.84,33.45,33.9,33.43,4631
05/14/2013,33.53,32.86,33.53,32.8,5687
05/13/2013,33.03,32.61,33.07,32.55,3604
05/10/2013,32.69,32.67,32.72,32.32,364
05/09/2013,32.66,32.85,33,32.59,4642
05/08/2013,32.99,33.07,33.24,32.65,516
05/07/2013,33.31,33.65,33.79,33.24,4308
05/06/2013,33.75,33.42,33.91,33.25,4098
05/03/2013,33.49,33.23,33.52,33.08,4679
05/02/2013,33.16,32.63,33.17,32.39,4607
05/01/2013,32.72,32.93,33.08,32.6,5434
04/30/2013,33.1,32.56,33.11,32.28,7517
04/29/2013,32.61,31.8,32.68,31.77,5912
04/26/2013,31.79,31.9,31.98,31.45,478
04/25/2013,31.94,31.71,32.84,31.54,1107
04/24/2013,31.76,30.62,31.92,30.6,9096
04/23/2013,30.6,30.7,30.9,30.38,5913
04/22/2013,30.83,30.3,31.18,30.27,13791
04/19/2013,29.77,29.62,30.24,29.61,9979
04/18/2013,28.79,28.95,28.98,28.5,5691
04/17/2013,28.82,28.85,29.04,28.6,5284
04/16/2013,28.97,28.9,29.14,28.7,528
04/15/2013,28.69,28.65,28.98,28.51,5634
04/12/2013,28.79,28.85,29.02,28.66,6289
04/11/2013,28.93,29.1,29.2,28.73,13092
04/10/2013,30.28,29.57,30.32,29.52,7112
04/09/2013,29.61,28.73,29.82,28.68,7774
04/08/2013,28.59,28.73,28.73,28.47,3476
04/05/2013,28.7,28.22,28.78,28.11,5093
04/04/2013,28.59,28.39,28.61,28.27,4527
04/03/2013,28.56,28.75,28.95,28.54,3506
04/02/2013,28.8,28.59,28.85,28.52,2846
04/01/2013,28.61,28.64,28.66,28.36,292
03/28/2013,28.61,28.32,28.66,28.26,5546
03/27/2013,28.37,28.14,28.45,28.08,3605
03/26/2013,28.16,28.24,28.34,28.11,2783
03/25/2013,28.16,28.3,28.35,27.96,4415
03/22/2013,28.25,28.19,28.34,28.1,2872
03/21/2013,28.11,28.11,28.36,28.05,3423
03/20/2013,28.32,28.34,28.49,28.18,3545
03/19/2013,28.18,28.12,28.22,28.03,519
03/18/2013,28.1,27.88,28.28,27.81,4483
03/15/2013,28.04,28.03,28.16,27.98,9271
03/14/2013,28.14,28,28.16,27.93,5592
03/13/2013,27.91,27.87,28.02,27.75,291
03/12/2013,27.91,27.84,27.95,27.64,3926
03/11/2013,27.87,27.94,27.97,27.67,3664
03/08/2013,28,28.25,28.33,27.96,3767
03/07/2013,28.14,28.11,28.28,28,292
03/06/2013,28.09,28.21,28.23,27.78,5145
03/05/2013,28.35,28.29,28.54,28.16,4144
03/04/2013,28.15,27.85,28.15,27.7,3817
03/01/2013,27.95,27.72,27.98,27.52,3485
02/28/2013,27.8,27.88,27.97,27.74,3584
02/27/2013,27.81,27.42,28,27.33,364
02/26/2013,27.37,27.38,27.6,27.34,4993
02/25/2013,27.37,27.97,28.05,27.37,4802
02/22/2013,27.76,27.68,27.76,27.48,3143
02/21/2013,27.49,27.74,27.74,27.23,4909
02/20/2013,27.87,28.13,28.2,27.83,4411
02/19/2013,28.05,27.88,28.09,27.8,3881
02/15/2013,28.01,28.04,28.16,27.88,4966
02/14/2013,28.04,27.92,28.06,27.87,3266
02/13/2013,28.03,27.93,28.11,27.88,4172
02/12/2013,27.88,27.88,28,27.75,3599
02/11/2013,27.86,27.65,27.92,27.5,3225
02/08/2013,27.55,27.35,27.71,27.31,3332
02/07/2013,27.28,27.35,27.39,27.1,3803
02/06/2013,27.34,27.38,27.54,27.25,4189
02/05/2013,27.5,27.62,27.66,27.36,3541
02/04/2013,27.44,27.87,28.02,27.42,5054
02/01/2013,27.93,27.67,28.05,27.55,5557
01/31/2013,27.45,27.79,27.97,27.4,5054
01/30/2013,27.85,28.01,28.19,27.76,4359
01/29/2013,28.01,27.82,28.13,27.6,4925
01/28/2013,27.91,28.01,28.23,27.76,5606
01/25/2013,27.88,27.58,28.23,27.39,8185
01/24/2013,27.63,27.7,28.07,27.47,10174
01/23/2013,27.61,27.2,27.64,27.2,5039
01/22/2013,27.15,27.3,27.45,27,5866
01/18/2013,27.25,27.1,27.29,27.04,5217
01/17/2013,27.25,27.19,27.47,27.06,5169
01/16/2013,27.04,27.15,27.23,27.01,4108
01/15/2013,27.21,26.83,27.29,26.82,4824
01/14/2013,26.89,26.9,27.08,26.76,4832
01/11/2013,26.83,26.49,26.93,26.28,5552
01/10/2013,26.46,26.65,26.98,26.29,7143
01/09/2013,26.7,26.72,26.75,26.56,4905
01/08/2013,26.55,26.75,26.79,26.46,447
01/07/2013,26.69,26.77,26.88,26.64,3712
01/04/2013,26.74,27.27,27.34,26.73,5252
01/03/2013,27.25,27.63,27.65,27.16,483
01/02/2013,27.62,27.25,27.73,27.15,5291
12/31/2012,26.71,26.59,26.77,26.37,4276
12/28/2012,26.55,26.71,26.9,26.55,2825
12/27/2012,26.96,26.89,27.09,26.57,3939
12/26/2012,26.86,27.03,27.2,26.7,3164
12/24/2012,27.06,27.2,27.25,27,2084
12/21/2012,27.45,27.45,27.49,27,9878
12/20/2012,27.68,27.36,27.68,27.15,5261
12/19/2012,27.31,27.69,27.73,27.25,5352
12/18/2012,27.56,27.25,27.63,27.14,5049
12/17/2012,27.09,26.79,27.21,26.68,4205
12/14/2012,26.81,27.11,27.13,26.7,4208
12/13/2012,27.11,27.32,27.52,26.95,4508
12/12/2012,27.24,27.53,27.62,27.08,4397
12/11/2012,27.32,27.05,27.49,27.05,5229
12/10/2012,26.94,26.56,26.97,26.52,4704
12/07/2012,26.45,26.82,26.82,26.37,4618
12/06/2012,26.73,26.81,26.98,26.61,3919
12/05/2012,26.67,26.38,26.93,26.26,6828
12/04/2012,26.37,26.5,26.63,26.34,498
12/03/2012,26.43,26.78,26.82,26.4,5317
11/30/2012,26.61,27.05,27.13,26.49,8369
11/29/2012,26.95,27.11,27.36,26.86,6956
11/28/2012,27.36,27.01,27.39,26.77,5302
11/27/2012,27.08,27.36,27.38,27.04,4502
11/26/2012,27.39,27.54,27.58,27.17,852
11/23/2012,27.7,27.23,27.77,27.2,5785
11/21/2012,26.95,26.71,27.17,26.67,6636
11/20/2012,26.71,26.76,26.8,26.46,4707
11/19/2012,26.73,26.8,26.8,26.47,5718
11/16/2012,26.52,26.67,26.7,26.34,6409
11/15/2012,26.66,26.88,26.97,26.63,5096
11/14/2012,26.84,27.24,27.29,26.8,761
11/13/2012,27.09,27.02,27.3,26.75,13169
11/12/2012,28.22,28.94,29.01,28.21,6111
11/09/2012,28.83,28.88,29.19,28.8,433
11/08/2012,28.81,29.12,29.37,28.8,4984
11/07/2012,29.08,29.53,29.82,29.05,5788
11/06/2012,29.86,29.82,30.2,29.61,4341
11/05/2012,29.63,29.62,29.74,29.33,3807
11/02/2012,29.5,29.59,29.77,29.33,5714
11/01/2012,29.52,28.84,29.56,28.82,7205
10/31/2012,28.54,28.55,28.88,28.5,6947
10/26/2012,28.21,27.86,28.34,27.84,5779
10/25/2012,27.88,28.19,28.2,27.86,5408
10/24/2012,27.9,28.16,28.2,27.87,5333
10/23/2012,28.05,27.77,28.2,27.76,6442
10/22/2012,28,28.73,28.83,27.83,8338
10/19/2012,28.64,29.05,29.08,28.5,9048
10/18/2012,29.5,29.65,29.73,29.26,5924
10/17/2012,29.59,29.3,29.64,29.09,4421
10/16/2012,29.49,29.45,29.74,29.32,4775
10/15/2012,29.51,29.37,29.72,29.25,4245
10/12/2012,29.2,28.97,29.32,28.8,4647
10/11/2012,28.95,29.21,29.25,28.87,4149
10/10/2012,28.98,29.15,29.31,28.95,4723
10/09/2012,29.28,29.68,29.74,29.18,4513
10/08/2012,29.78,29.64,29.92,29.55,2976
10/05/2012,29.85,30.23,30.25,29.74,4114
10/04/2012,30.03,29.97,30.03,29.57,4364
10/03/2012,29.86,29.75,29.99,29.67,4666
10/02/2012,29.66,29.68,29.89,29.5,4334
10/01/2012,29.49,29.81,29.98,29.42,5404
09/28/2012,29.76,30.18,30.26,29.74,5423
09/27/2012,30.16,30.17,30.4,29.89,4713
09/26/2012,30.16,30.28,30.6,30.04,5468
09/25/2012,30.39,30.95,31,30.36,5428
09/24/2012,30.78,31,31.07,30.64,4683
09/21/2012,31.19,31.43,31.61,31.09,10235
09/20/2012,31.45,30.95,31.48,30.91,4555
09/19/2012,31.05,31.09,31.19,31.04,4888
09/18/2012,31.18,31.1,31.21,31.03,3454
09/17/2012,31.21,31.19,31.26,31.04,3649
09/14/2012,31.21,31.01,31.25,30.81,5142
09/13/2012,30.93,30.89,31.18,30.4,4505
09/12/2012,30.78,30.94,31.18,30.73,3278
09/11/2012,30.79,30.69,30.91,30.61,2519
09/10/2012,30.72,30.83,30.9,30.51,4052
09/07/2012,30.95,31.04,31.07,30.73,4265
09/06/2012,31.34,30.5,31.36,30.46,4837
09/05/2012,30.39,30.22,30.53,30.21,3365
09/04/2012,30.39,30.45,30.66,30.15,4856
08/31/2012,30.82,30.6,30.96,30.38,366
08/30/2012,30.32,30.53,30.61,30.22,2398
08/29/2012,30.65,30.65,30.75,30.44,2335
08/28/2012,30.63,30.7,30.8,30.52,2395
08/27/2012,30.69,30.93,30.96,30.59,3469
08/24/2012,30.56,30.25,30.63,30.18,2295
08/23/2012,30.25,30.39,30.4,30.08,2836
08/22/2012,30.54,30.59,30.76,30.46,3344
08/21/2012,30.8,30.76,30.96,30.61,2882
08/20/2012,30.74,30.82,30.85,30.58,2374
08/17/2012,30.9,30.92,30.92,30.59,326
08/16/2012,30.78,30.36,30.94,30.26,3579
08/15/2012,30.2,30.11,30.28,30.02,2435
08/14/2012,30.13,30.3,30.39,30.01,3455
08/13/2012,30.39,30.35,30.46,30.16,2305
08/10/2012,30.42,30.5,30.62,30.25,2781
08/09/2012,30.5,30.39,30.65,30.3,2492
08/08/2012,30.33,30.21,30.47,30.11,2626
08/07/2012,30.26,30.07,30.35,29.87,28
08/06/2012,29.95,30,30.11,29.81,2747
08/03/2012,29.75,29.53,29.94,29.48,3586
08/02/2012,29.19,29.21,29.52,28.97,3952
08/01/2012,29.41,29.59,29.65,29.21,3172
07/31/2012,29.47,29.48,29.71,29.33,3762
07/30/2012,29.64,29.75,29.82,29.46,289
07/27/2012,29.75,29.48,29.85,29.18,4424
07/26/2012,29.16,29.23,29.5,29.09,453
07/25/2012,28.83,29.24,29.33,28.78,4558
07/24/2012,29.15,29.24,29.36,28.9,4772
07/23/2012,29.28,29.57,29.58,29.01,5515
07/20/2012,30.11,31,31.05,30.05,6403
07/19/2012,30.66,30.51,30.8,30.38,4666
07/18/2012,30.45,29.6,30.45,29.46,411
07/17/2012,29.66,29.64,29.86,29.2,3378
07/16/2012,29.44,29.48,29.53,29.04,279
07/13/2012,29.39,28.76,29.48,28.72,3909
07/12/2012,28.63,29.15,29.18,28.54,6353
07/11/2012,29.3,29.71,29.73,29.11,3919
07/10/2012,29.74,30.08,30.22,29.51,3754
07/09/2012,30,30.12,30.23,29.78,3068
07/06/2012,30.18,30.61,30.7,29.95,383
07/05/2012,30.7,30.59,30.78,30.38,288
07/03/2012,30.76,30.23,30.76,30.17,2094
07/02/2012,30.56,30.62,30.62,30.21,3059
06/29/2012,30.59,30.45,30.69,30.14,5523
06/28/2012,29.91,29.98,30.05,29.42,4533
06/27/2012,30.17,30.19,30.5,30.03,3378
06/26/2012,30.02,30,30.27,29.94,3842
06/25/2012,29.86,30.3,30.32,29.62,4223
06/22/2012,30.7,30.3,30.73,30.03,451
06/21/2012,30.14,30.96,31.14,30.06,4846
06/20/2012,30.93,30.93,31.05,30.64,3626
06/19/2012,30.7,30.19,31.11,30.05,7573
06/18/2012,29.84,29.99,30.03,29.71,5868
06/15/2012,30.02,29.59,30.08,29.49,6231
06/14/2012,29.34,29.33,29.46,28.88,3946
06/13/2012,29.13,29.22,29.44,29.05,3298
06/12/2012,29.29,29.1,29.3,28.84,3534
06/11/2012,28.89,29.73,29.81,28.82,4637
06/08/2012,29.65,29.21,29.68,29.05,4255
06/07/2012,29.23,29.64,29.7,29.17,3779
06/06/2012,29.35,28.88,29.37,28.81,4686
06/05/2012,28.5,28.51,28.75,28.39,4572
06/04/2012,28.55,28.62,28.78,28.32,4793
06/01/2012,28.45,28.76,28.96,28.44,5664
05/31/2012,29.19,29.3,29.42,28.94,3914
05/30/2012,29.34,29.35,29.48,29.12,4159
05/29/2012,29.56,29.38,29.72,29.22,3776
05/25/2012,29.06,29.2,29.36,29.01,2951
05/24/2012,29.07,29.16,29.3,28.76,5258
05/23/2012,29.11,29.35,29.4,28.64,6517
05/22/2012,29.76,29.69,29.88,29.5,3951
05/21/2012,29.75,29.1,29.79,29.06,3879
05/18/2012,29.27,29.79,29.81,29.17,5621
05/17/2012,29.72,29.99,30.21,29.71,4849
05/16/2012,29.9,30.31,30.32,29.74,6008
05/15/2012,30.21,30.64,30.8,30.15,6183
05/14/2012,30.68,30.82,31.04,30.64,4053
05/11/2012,31.16,30.69,31.54,30.69,4346
05/10/2012,30.74,30.86,31.02,30.45,4384
05/09/2012,30.76,30.19,30.83,30.1,5031
05/08/2012,30.5,30.48,30.78,30.17,4634
05/07/2012,30.65,30.7,30.86,30.57,4864
05/04/2012,30.98,31.45,31.57,30.92,5793
05/03/2012,31.76,31.88,31.9,31.61,315
05/02/2012,31.8,31.85,31.93,31.64,3739
05/01/2012,32.01,32.05,32.34,31.95,4383
04/30/2012,32.02,31.98,32.11,31.92,3571
04/27/2012,31.98,32.12,32.22,31.88,4142
04/26/2012,32.11,32.12,32.23,31.92,4031
04/25/2012,32.2,31.92,32.32,31.87,625
04/24/2012,31.92,32.21,32.52,31.83,4087
04/23/2012,32.12,32.31,32.5,32.03,614
04/20/2012,32.42,32.15,32.89,32.05,10605
04/19/2012,31.01,31.13,31.68,30.94,5478
04/18/2012,31.14,31.28,31.31,31.04,4056
04/17/2012,31.44,31.27,31.61,31.2,3436
04/16/2012,31.07,30.99,31.19,30.77,3813
04/13/2012,30.81,30.89,31.16,30.72,3975
04/12/2012,30.98,30.48,31.04,30.42,3831
04/11/2012,30.34,30.43,30.53,30.23,4302
04/10/2012,30.47,31.06,31.19,30.3,5414
04/09/2012,31.1,31.22,31.4,30.97,3106
04/05/2012,31.52,31.15,31.63,31.05,5031
04/04/2012,31.21,31.66,31.69,31.05,4946
04/03/2012,31.94,32.16,32.19,31.66,4275
04/02/2012,32.29,32.22,32.46,31.95,3585
03/30/2012,32.26,32.4,32.41,32.04,3175
03/29/2012,32.12,32.06,32.19,31.81,3704
03/28/2012,32.19,32.52,32.7,32.04,4135
03/27/2012,32.52,32.65,32.7,32.4,3627
03/26/2012,32.59,32.19,32.61,32.16,3676
03/23/2012,32.01,32.1,32.11,31.72,3591
03/22/2012,32,31.81,32.09,31.79,3175
03/21/2012,31.91,31.96,32.15,31.82,3794
03/20/2012,31.99,32.1,32.15,31.74,4157
03/19/2012,32.2,32.53,32.61,32.15,448
03/16/2012,32.6,32.91,32.95,32.5,6563
03/15/2012,32.85,32.79,32.94,32.58,4907
03/14/2012,32.77,32.53,32.88,32.49,4199
03/13/2012,32.67,32.24,32.69,32.15,4895
03/12/2012,32.04,31.97,32.2,31.82,3408
03/09/2012,31.99,32.1,32.16,31.92,3463
03/08/2012,32.01,32.04,32.21,31.9,3675
03/07/2012,31.84,31.67,31.92,31.53,3434
03/06/2012,31.55,31.54,31.98,31.49,5194
03/05/2012,31.8,32.01,32.05,31.62,4524
03/02/2012,32.08,32.31,32.44,32,4732
03/01/2012,32.29,31.93,32.39,31.85,7735
02/29/2012,31.74,31.89,32,31.61,5933
02/28/2012,31.87,31.41,31.93,31.38,4523
02/27/2012,31.35,31.24,31.5,31.1,3458
02/24/2012,31.48,31.48,31.5,31.24,3558
02/23/2012,31.37,31.2,31.59,31,3504
02/22/2012,31.27,31.45,31.68,31.18,4925
02/21/2012,31.44,31.18,31.61,31.15,5083
02/17/2012,31.25,31.2,31.32,30.95,7004
02/16/2012,31.29,30.31,31.55,30.3,9471
02/15/2012,30.05,30.33,30.39,30.03,4332
02/14/2012,30.25,30.33,30.46,29.85,5966
02/13/2012,30.58,30.63,30.77,30.43,3332
02/10/2012,30.5,30.64,30.8,30.36,4461
02/09/2012,30.77,30.68,30.8,30.48,5048
02/08/2012,30.66,30.26,30.67,30.22,4966
02/07/2012,30.35,30.15,30.48,30.05,3924
02/06/2012,30.2,30.04,30.22,29.97,2804
02/03/2012,30.24,30.14,30.4,30.09,4185
02/02/2012,29.95,29.9,30.17,29.71,5223
02/01/2012,29.89,29.79,30.05,29.76,6741
01/31/2012,29.53,29.66,29.7,29.23,5057
01/30/2012,29.61,28.97,29.62,28.83,5111
01/27/2012,29.23,29.45,29.53,29.17,4419
01/26/2012,29.5,29.61,29.7,29.4,4911
01/25/2012,29.56,29.07,29.65,29.07,5924
01/24/2012,29.34,29.47,29.57,29.18,5171
01/23/2012,29.73,29.55,29.95,29.35,7608
01/20/2012,29.71,28.82,29.74,28.75,1659
01/19/2012,28.12,28.16,28.43,28.03,7405
01/18/2012,28.23,28.31,28.4,27.97,6486
01/17/2012,28.25,28.4,28.65,28.17,724
01/13/2012,28.25,27.93,28.25,27.79,602
01/12/2012,28,27.87,28.02,27.64,4938
01/11/2012,27.72,27.43,27.98,27.37,6559
01/10/2012,27.84,27.93,28.15,27.75,6001
01/09/2012,27.74,28.05,28.1,27.72,5971
01/06/2012,28.11,27.53,28.19,27.52,9946
01/05/2012,27.68,27.38,27.73,27.29,5608
01/04/2012,27.4,26.82,27.47,26.78,8052
01/03/2012,26.77,26.55,26.96,26.39,6474
12/30/2011,25.96,26,26.12,25.91,274
12/29/2011,26.02,25.95,26.05,25.86,2262
12/28/2011,25.82,26.11,26.15,25.76,2982
12/27/2011,26.04,25.96,26.14,25.93,2129
12/23/2011,26.03,25.91,26.04,25.73,2321
12/22/2011,25.81,25.82,25.86,25.48,3579
12/21/2011,25.76,26.01,26.19,25.44,6413
12/20/2011,26.02,25.86,26.1,25.81,6077
12/19/2011,25.53,26.02,26.12,25.46,5226
12/16/2011,26,25.67,26.17,25.63,10141
12/15/2011,25.56,25.72,25.88,25.54,4622
12/14/2011,25.59,25.72,25.86,25.57,4793
12/13/2011,25.76,25.75,26.1,25.65,5458
12/12/2011,25.51,25.41,25.57,25.29,3895
12/09/2011,25.7,25.52,25.87,25.5,5379
12/08/2011,25.4,25.48,25.72,25.37,6052
12/07/2011,25.6,25.67,25.76,25.34,6267
12/06/2011,25.66,25.81,25.87,25.61,4618
12/05/2011,25.7,25.78,25.8,25.5,5682
12/02/2011,25.22,25.59,25.62,25.16,523
12/01/2011,25.28,25.56,25.63,25.2,4855
11/30/2011,25.58,25.37,25.59,25.14,8135
11/29/2011,24.84,24.82,25.04,24.75,4092
11/28/2011,24.87,24.94,24.97,24.69,4677
11/25/2011,24.3,24.38,24.67,24.3,2616
11/23/2011,24.47,24.61,24.79,24.47,4911
11/22/2011,24.79,24.89,24.96,24.65,492
11/21/2011,25,25.24,25.25,24.9,6188
11/18/2011,25.3,25.48,25.5,25.15,4763
11/17/2011,25.54,26.01,26.04,25.44,7098
11/16/2011,26.07,26.47,26.51,26.04,5326
11/15/2011,26.74,26.56,26.94,26.4,4388
11/14/2011,26.76,26.88,27,26.65,342
11/11/2011,26.91,26.58,27.07,26.57,379
11/10/2011,26.28,26.47,26.5,26.12,3252
11/09/2011,26.2,26.59,26.75,26.06,6295
11/08/2011,27.16,27.01,27.2,26.68,4783
11/07/2011,26.8,26.21,26.82,26.13,4259
11/04/2011,26.25,26.38,26.4,26,3655
11/03/2011,26.53,26.24,26.59,25.98,6584
11/02/2011,26.01,26.1,26.2,25.7,5354
11/01/2011,25.99,26.19,26.32,25.86,6119
10/31/2011,26.63,26.75,27,26.62,468
10/28/2011,26.98,27.14,27.19,26.79,5771
10/27/2011,27.25,27.13,27.4,26.65,7452
10/26/2011,26.59,27.03,27.06,26.1,6303
10/25/2011,26.81,27.08,27.23,26.72,5355
10/24/2011,27.19,27.06,27.4,27.04,569
10/21/2011,27.16,27.15,27.19,26.8,7662
10/20/2011,27.04,27.26,27.34,26.4,763
10/19/2011,27.13,27.37,27.47,27.01,4288
10/18/2011,27.31,26.94,27.4,26.8,5249
10/17/2011,26.98,27.11,27.42,26.85,3945
10/14/2011,27.27,27.31,27.5,27.02,5095
10/13/2011,27.18,26.76,27.2,26.62,4383
10/12/2011,26.96,27.18,27.31,26.9,5249
10/11/2011,27,26.86,27.07,26.72,3883
10/10/2011,26.94,26.58,26.97,26.47,4182
10/07/2011,26.25,26.34,26.51,26.2,5275
10/06/2011,26.34,25.9,26.4,25.7,5511
10/05/2011,25.89,25.42,26.16,25.16,9406
10/04/2011,25.34,24.3,25.39,24.26,8349
10/03/2011,24.53,24.72,25.34,24.52,646
09/30/2011,24.89,25.2,25.5,24.88,5409
09/29/2011,25.45,25.98,26.17,25.09,6341
09/28/2011,25.57,25.93,26.37,25.51,6074
09/27/2011,25.67,25.66,25.92,25.45,5562
09/26/2011,25.44,25.19,25.52,24.73,5106
09/23/2011,25.06,24.9,25.15,24.69,6477
09/22/2011,25.06,25.3,25.65,24.6,9629
09/21/2011,25.99,27.05,27.06,25.97,7275
09/20/2011,26.98,27.31,27.5,26.93,4921
09/19/2011,27.21,26.8,27.31,26.6,5232
09/16/2011,27.12,27.05,27.27,26.83,8969
09/15/2011,26.99,26.73,27.03,26.31,6781
09/14/2011,26.5,26.17,26.8,25.89,6674
09/13/2011,26.04,25.92,26.18,25.81,4879
09/12/2011,25.89,25.44,25.93,25.27,5505
09/09/2011,25.74,26,26.18,25.5,6453
09/08/2011,26.22,26,26.66,25.95,6582
09/07/2011,26,25.69,26,25.57,4196
09/06/2011,25.51,25.2,25.59,25.11,5493
09/02/2011,25.8,25.78,26,25.66,439
09/01/2011,26.21,26.46,26.86,26.21,6051
08/31/2011,26.6,26.29,26.71,26.26,593
08/30/2011,26.23,25.73,26.43,25.7,5734
08/29/2011,25.84,25.53,25.86,25.37,3886
08/26/2011,25.25,24.51,25.34,24.42,7196
08/25/2011,24.57,25.08,25.16,24.5,4819
08/24/2011,24.9,24.65,24.93,24.42,4533
08/23/2011,24.72,24.03,24.75,24.03,5967
08/22/2011,23.98,24.42,24.49,23.79,5472
08/19/2011,24.05,24.41,24.62,23.91,774
08/18/2011,24.67,24.57,25.09,24.03,10572
08/17/2011,25.25,25.25,25.7,24.93,5092
08/16/2011,25.35,25.21,25.59,25.05,5426
08/15/2011,25.51,25.24,25.58,25.15,5653
08/12/2011,25.1,25.13,25.34,24.65,6479
08/11/2011,25.19,24.5,25.38,24.4,907
08/10/2011,24.2,24.95,25.09,24.1,12782
08/09/2011,25.58,24.71,25.62,24.03,12628
08/08/2011,24.48,25.02,25.6,24.39,13426
08/05/2011,25.68,25.97,26.1,25.23,11207
08/04/2011,25.94,26.53,26.87,25.93,9295
08/03/2011,26.92,26.83,27,26.48,6458
08/02/2011,26.8,26.98,27.45,26.76,6388
08/01/2011,27.27,27.51,27.68,26.75,6185
07/29/2011,27.4,27.52,27.71,27.26,10439
07/28/2011,27.72,27.29,28.07,27.21,8377
07/27/2011,27.33,27.88,27.98,27.2,7149
07/26/2011,28.08,27.82,28.14,27.78,7464
07/25/2011,27.91,27.26,28.09,27.19,10849
07/22/2011,27.53,26.86,27.55,26.68,7638
07/21/2011,27.09,27.04,27.31,26.65,8174
07/20/2011,27.06,27.28,27.35,26.98,498
07/19/2011,27.54,26.81,27.64,26.78,8673
07/18/2011,26.59,26.63,26.9,26.26,4451
07/15/2011,26.78,26.47,26.93,26.47,4913
07/14/2011,26.47,26.62,27.01,26.36,4639
07/13/2011,26.63,26.6,26.96,26.51,4087
07/12/2011,26.54,26.55,26.79,26.34,4732
07/11/2011,26.63,26.62,26.8,26.49,44
07/08/2011,26.92,26.54,26.98,26.51,5833
07/07/2011,26.77,26.49,26.88,26.36,5195
07/06/2011,26.33,25.97,26.37,25.96,4875
07/05/2011,26.03,26.1,26.15,25.9,378
07/01/2011,26.02,25.93,26.17,25.84,5291
06/30/2011,26,25.74,26,25.66,5254
06/29/2011,25.62,25.71,25.71,25.36,6605
06/28/2011,25.8,25.3,25.92,25.16,8103
06/27/2011,25.2,24.23,25.46,24.23,9204
06/24/2011,24.3,24.51,24.54,24.19,10139
06/23/2011,24.63,24.44,24.65,24.2,5947
06/22/2011,24.65,24.6,24.81,24.59,4429
06/21/2011,24.76,24.52,24.86,24.4,4971
06/20/2011,24.47,24.17,24.66,24.16,5434
06/17/2011,24.26,24.22,24.3,23.98,8335
06/16/2011,24,23.75,24.1,23.65,5719
06/15/2011,23.74,24,24.01,23.67,4941
06/14/2011,24.22,24.3,24.45,24.19,429
06/13/2011,24.04,23.79,24.19,23.7,4757
06/10/2011,23.7,24.02,24.02,23.69,4933
06/09/2011,23.96,24.01,24.04,23.82,4288
06/08/2011,23.94,23.9,24.02,23.86,4221
06/07/2011,24.06,24.09,24.17,23.9,4111
06/06/2011,24.01,23.89,24.25,23.77,5478
06/03/2011,23.91,24.05,24.14,23.84,607
06/02/2011,24.22,24.49,24.65,24.18,5149
06/01/2011,24.43,24.99,25.1,24.37,7404
05/31/2011,25.01,24.96,25.06,24.7,602
05/27/2011,24.76,24.68,24.9,24.65,5025
05/26/2011,24.67,24.35,25.03,24.32,7802
05/25/2011,24.19,24.17,24.31,24.16,349
05/24/2011,24.15,24.2,24.29,24.04,4769
05/23/2011,24.17,24.21,24.25,24.03,527
05/20/2011,24.49,24.72,24.87,24.44,4545
05/19/2011,24.71,24.85,24.88,24.5,3778
05/18/2011,24.69,24.53,24.74,24.25,5393
05/17/2011,24.52,24.39,24.7,24.27,8289
05/16/2011,24.57,24.96,25.07,24.5,914
05/13/2011,25.03,25.28,25.32,24.95,6682
05/12/2011,25.32,25.35,25.39,25.1,7737
05/11/2011,25.36,25.65,25.66,25.21,786
05/10/2011,25.67,25.38,25.85,25.25,12081
05/09/2011,25.83,25.8,25.96,25.67,387
05/06/2011,25.87,26.07,26.22,25.75,5599
05/05/2011,25.79,26.05,26.08,25.68,5563
05/04/2011,26.06,25.85,26.25,25.79,7329
05/03/2011,25.81,25.6,25.85,25.49,7191
05/02/2011,25.66,25.94,26,25.48,8983
04/29/2011,25.92,26.55,26.64,25.36,31932
04/28/2011,26.71,26.46,26.87,26.4,8016
04/27/2011,26.38,26.3,26.39,26.13,5269
04/26/2011,26.19,25.74,26.44,25.67,692
04/25/2011,25.61,25.56,25.62,25.34,3353
04/21/2011,25.52,25.79,25.89,25.36,4689
04/20/2011,25.76,25.54,26,25.51,6161
04/19/2011,25.15,25,25.17,24.87,3889
04/18/2011,25.08,25.1,25.28,24.72,5805
04/15/2011,25.37,25.46,25.56,25.18,6508
04/14/2011,25.42,25.42,25.44,25.09,5525
04/13/2011,25.63,25.65,25.87,25.56,3814
04/12/2011,25.64,25.83,25.85,25.55,3694
04/11/2011,25.98,26.19,26.25,25.8,3429
04/08/2011,26.07,26.17,26.28,25.96,3989
04/07/2011,26.2,26.19,26.26,25.97,4613
04/06/2011,26.15,25.98,26.31,25.86,6559
04/05/2011,25.78,25.82,26.18,25.74,7369
04/04/2011,25.55,25.45,25.66,25.41,3544
04/01/2011,25.48,25.53,25.53,25.31,6311
03/31/2011,25.39,25.6,25.68,25.34,6328
03/30/2011,25.61,25.6,25.72,25.5,42
03/29/2011,25.49,25.34,25.52,25.3,4077
03/28/2011,25.41,25.66,25.72,25.38,4898
03/25/2011,25.62,25.93,25.95,25.59,5703
03/24/2011,25.81,25.6,25.87,25.5,387
03/23/2011,25.54,25.23,25.61,25.18,4402
03/22/2011,25.3,25.3,25.46,25.23,309
03/21/2011,25.33,25.18,25.58,25.15,469
03/18/2011,24.8,25.06,25.18,24.8,8549
03/17/2011,24.78,25.06,25.22,24.75,6251
03/16/2011,24.79,25.22,25.28,24.68,10072
03/15/2011,25.39,25.08,25.47,25,7606
03/14/2011,25.69,25.49,25.76,25.35,5446
03/11/2011,25.68,25.41,25.85,25.36,4991
03/10/2011,25.41,25.62,25.71,25.35,6656
03/09/2011,25.89,25.81,25.98,25.66,3979
03/08/2011,25.91,25.77,26.02,25.65,5056
03/07/2011,25.72,26.13,26.27,25.55,6499
03/04/2011,25.95,26.22,26.24,25.8,7044
03/03/2011,26.2,26.26,26.4,26.18,6827
03/02/2011,26.08,26.11,26.37,26.04,4866
03/01/2011,26.16,26.6,26.78,26.15,6005
02/28/2011,26.58,26.69,26.86,26.51,5138
02/25/2011,26.55,26.91,26.95,26.5,5301
02/24/2011,26.77,26.64,27.06,26.5,645
02/23/2011,26.59,26.53,26.86,26.43,6023
02/22/2011,26.59,26.78,27.1,26.52,6089
02/18/2011,27.06,27.13,27.21,26.99,6867
02/17/2011,27.21,26.97,27.37,26.91,5721
02/16/2011,27.02,27.05,27.07,26.6,7082
02/15/2011,26.96,27.04,27.33,26.95,4412
02/14/2011,27.23,27.2,27.27,26.95,5677
02/11/2011,27.25,27.76,27.81,27.07,8394
02/10/2011,27.5,27.93,27.94,27.29,7667
02/09/2011,27.97,28.19,28.26,27.91,5291
02/08/2011,28.28,28.1,28.34,28.05,3491
02/07/2011,28.2,27.8,28.34,27.79,6898
02/04/2011,27.77,27.7,27.84,27.51,4042
02/03/2011,27.65,27.96,27.97,27.54,6034
02/02/2011,27.94,27.93,28.11,27.88,4584
02/01/2011,27.99,27.8,28.06,27.61,6281
01/31/2011,27.73,27.77,27.9,27.42,6503
01/28/2011,27.75,28.89,28.93,27.45,14126
01/27/2011,28.87,28.75,29.46,28.49,14694
01/26/2011,28.78,28.51,28.99,28.5,7463
01/25/2011,28.45,28.14,28.45,28.12,4244
01/24/2011,28.38,28.02,28.56,27.99,5206
01/21/2011,28.02,28.4,28.43,28.02,5808
01/20/2011,28.35,28.5,28.55,28.13,5862
01/19/2011,28.47,28.46,28.68,28.27,5001
01/18/2011,28.66,28.16,28.74,28.14,5333
01/14/2011,28.3,28.08,28.38,27.91,6269
01/13/2011,28.19,28.33,28.39,28.01,6708
01/12/2011,28.55,28.12,28.59,28.07,5264
01/11/2011,28.11,28.2,28.25,28.05,5031
01/10/2011,28.22,28.26,28.4,28.04,5757
01/07/2011,28.6,28.64,28.74,28.25,7376
01/06/2011,28.82,28.04,28.85,27.86,8803
01/05/2011,28,27.9,28.01,27.77,59
01/04/2011,28.09,27.94,28.17,27.85,5441
01/03/2011,27.98,28.05,28.18,27.92,5345
12/31/2010,27.91,27.8,27.92,27.63,2479
12/30/2010,27.85,27.92,28,27.77,2079
12/29/2010,27.97,27.94,28.12,27.88,1951
12/28/2010,28.01,27.97,28.17,27.96,2305
12/27/2010,28.07,28.12,28.2,27.88,2165
12/23/2010,28.3,27.97,28.32,27.96,2491
12/22/2010,28.19,28.01,28.4,27.98,4226
12/21/2010,28.07,27.85,28.14,27.76,3815
12/20/2010,27.81,27.95,27.99,27.68,5281
12/17/2010,27.9,27.92,28.09,27.75,8746
12/16/2010,27.99,27.76,27.99,27.66,5768
12/15/2010,27.85,27.53,27.99,27.53,6963
12/14/2010,27.62,27.31,27.75,27.26,641
12/13/2010,27.25,27.27,27.45,27.17,4794
12/10/2010,27.34,27.19,27.4,27.11,3763
12/09/2010,27.08,27.28,27.34,27.01,4715
12/08/2010,27.23,26.83,27.24,26.8,4167
12/07/2010,26.87,27.08,27.13,26.85,5786
12/06/2010,26.84,26.93,26.98,26.76,3627
12/03/2010,27.02,26.81,27.06,26.78,5262
12/02/2010,26.89,26.24,26.98,26.2,918
12/01/2010,26.04,25.57,26.25,25.56,7412
11/30/2010,25.26,25.05,25.47,25,7528
11/29/2010,25.31,25.19,25.42,24.93,5661
11/26/2010,25.33,25.21,25.41,25.17,2136
11/24/2010,25.37,25.2,25.46,25.16,5684
11/23/2010,25.12,25.57,25.6,25.09,6981
11/22/2010,25.73,25.65,25.74,25.44,5335
11/19/2010,25.69,25.8,25.83,25.6,5242
11/18/2010,25.84,25.71,26.08,25.61,5952
11/17/2010,25.57,25.9,25.91,25.55,583
11/16/2010,25.81,26.04,26.04,25.65,6534
11/15/2010,26.2,26.33,26.5,26.17,5179
11/12/2010,26.27,26.47,26.52,26.1,6496
11/11/2010,26.68,26.68,26.72,26.28,6208
11/10/2010,26.94,27.01,27.08,26.81,5228
11/09/2010,26.95,26.81,27.11,26.71,5859
11/08/2010,26.81,26.68,27.05,26.58,7167
11/05/2010,26.85,27.17,27.19,26.53,11095
11/04/2010,27.14,27.41,27.43,27.01,936
11/03/2010,27.03,27.46,27.49,26.96,11026
11/02/2010,27.39,27.06,27.42,27.02,544
11/01/2010,26.95,26.88,27.22,26.7,6192
10/29/2010,26.66,27.15,27.2,26.48,11419
10/28/2010,26.28,26.21,26.38,25.92,8073
10/27/2010,26.05,25.79,26.11,25.62,6481
10/26/2010,25.9,25.12,25.97,25.06,693
10/25/2010,25.19,25.24,25.35,25.17,5091
10/22/2010,25.38,25.52,25.54,25.27,2584
10/21/2010,25.42,25.4,25.54,25.05,5003
10/20/2010,25.31,25.26,25.4,25.1,5628
10/19/2010,25.1,25.27,25.37,24.95,6615
10/18/2010,25.82,25.59,25.95,25.45,484
10/15/2010,25.54,25.36,25.55,25.23,6895
10/14/2010,25.23,25.29,25.34,25,5199
10/13/2010,25.34,25.02,25.54,24.89,7534
10/12/2010,24.83,24.65,24.93,24.43,5014
10/11/2010,24.59,24.74,24.74,24.5,2759
10/08/2010,24.57,24.62,24.65,24.37,4133
10/07/2010,24.53,24.62,24.75,24.28,501
10/06/2010,24.43,24.32,24.54,24.13,5049
10/05/2010,24.35,24.06,24.45,23.91,7815
10/04/2010,23.91,23.96,23.99,23.78,9814
10/01/2010,24.38,24.77,24.82,24.3,6267
09/30/2010,24.49,24.61,24.83,24.36,6127
09/29/2010,24.5,24.63,24.66,24.4,4432
09/28/2010,24.68,24.8,24.9,24.35,5604
09/27/2010,24.73,24.85,24.99,24.59,4373
09/24/2010,24.77,24.64,24.8,24.58,5195
09/23/2010,24.43,24.51,24.59,24.36,4621
09/22/2010,24.61,24.89,24.97,24.36,943
09/21/2010,25.15,25.42,25.42,25.08,5292
09/20/2010,25.43,25.28,25.52,25.11,4988
09/17/2010,25.22,25.4,25.53,25.08,7034
09/16/2010,25.33,25.06,25.37,25.05,4455
09/15/2010,25.11,25.1,25.22,24.92,562
09/14/2010,25.03,25.04,25.35,24.89,8716
09/13/2010,25.11,24.2,25.29,24.09,11468
09/10/2010,23.85,23.98,24.03,23.79,5829
09/09/2010,24.01,24.19,24.21,23.99,4603
09/08/2010,23.93,24.07,24.2,23.74,6551
09/07/2010,23.96,24.1,24.3,23.92,5193
09/03/2010,24.29,24.24,24.45,24.2,6419
09/02/2010,23.94,23.88,23.95,23.71,4884
09/01/2010,23.9,23.67,23.95,23.54,6524